id,label,name_left,name_right,addr_left,addr_right,city_left,city_right,phone_left,phone_right,type_left,type_right,class_left,class_right,left_canonical_name,left_standardized_address,left_standardized_city,left_standardized_phone,left_standardized_class,left_standardized_cuisine,right_canonical_name,right_standardized_address,right_standardized_city,right_standardized_phone,right_standardized_class,right_standardized_cuisine
0,0,citrus,` le chardonnay ( los angeles ) ',' 6703 melrose ave. ',' 8284 melrose ave. ',` los angeles ',` los angeles ',213/857 -0034,213-655-8880,californian,` french bistro ',6,12,citrus,6703 melrose avenue,los angeles,2138570034,unknown,californian,le chardonnay,8284 melrose avenue,Los Angeles,2136558880,unknown,french
1,1,` yujean kang \ 's gourmet chinese cuisine ',` yujean kang \ 's ','67 n. raymond ave. ','67 n. raymond ave. ',` los angeles ',pasadena,818/585 -0855,818-585-0855,asian,chinese,22,22,yujean kangs gourmet chinese cuisine,67 n raymond avenue,los angeles,8185850855,unknown,asian,yujean kang's,67 n raymond avenue,Pasadena,8185850855,unknown,chinese
2,0,oritalia,` trio cafe ',' 1915 fillmore st. ',' 1870 fillmore st. ',` san francisco ',` san francisco ',415/346 -1333,415-563-2248,italian,american,501,749,oritalia,1915 fillmore street,San Francisco,4153461333,501,italian,trio cafe,1870 fillmore street,San Francisco,4155632248,unknown,american
3,1,` jo jo ',` jo jo ',' 160 e. 64th st. ',' 160 e. 64th st. ',` new york ',` new york city ',212/223 -5656,212-223-5656,american,` french bistro ',38,38,jo jo,160 e 64th street,New York,2122235656,unknown,american,jo jo,160 e 64th street,New York City,2122235656,unknown,french bistro
4,0,` palace court ',` michael \ 's ( las vegas ) ',' 3570 las vegas blvd. s ',' 3595 las vegas blvd. s. ',` las vegas ',` las vegas ',702/731 -7547,702-737-7111,continental,continental,70,664,palace court,3570 las vegas boulevard south,Las Vegas,7027317547,unknown,continental,michael s,3595 las vegas blvd s,las vegas,7027377111,unknown,continental
5,0,` beesley \ 's of buckhead ',` hedgerose heights inn the ',' 260 e. paces ferry road ',' 490 e. paces ferry rd. ne ',atlanta,atlanta,404/264 -1334,404-233-7673,continental,continental,384,82,beesleys of buckhead,260 e paces ferry road,Atlanta,4042641334,unknown,continental,hedgerose heights inn,490 e paces ferry road ne,atlanta,4042337673,82,continental
6,0,` bone \ 's ',` joe \ 's ',' 3130 piedmont road ',' 1023 abbot kinney blvd. ',atlanta,venice,404/237 -2663,310-399-5811,american,` american ( new ) ',76,560,bone s,3130 piedmont road,atlanta,4042372663,unknown,american,joe s,1023 abbot kinney blvd.,Venice,3103995811,unknown,american
7,0,` le colonial ',` jan \ 's family restaurant ',' 8783 beverly blvd. ',' 8424 beverly blvd. ',` los angeles ',la,310/289 -0660,213-651-2866,asian,` coffee shops ',144,557,le colonial,8783 beverly blvd.,Los Angeles,3102890660,unknown,asian,jans family restaurant,8424 beverly boulevard,la,2136512866,unknown,coffee shops
8,1,` heera of india ',` heera of india ',' 595 piedmont ave. rio shopping mall ',' 595 piedmont ave. ',atlanta,atlanta,404/876 -4408,404-876-4408,asian,indian,83,83,heera of india,595 piedmont avenue rio shopping mall,Atlanta,4048764408,unknown,asian,heera of india,595 piedmont avenue,Atlanta,4048764408,unknown,indian
9,0,` dining room ritz-carlton buckhead ',` brookhaven cafe ',' 3434 peachtree rd. ',' 4274 peachtree rd. ',atlanta,atlanta,404/237 -2700,404-231-5907,international,vegetarian,90,682,dining room ritz-carlton buckhead,3434 peachtree road,atlanta,4042372700,unknown,international,brookhaven cafe,4274 peachtree road,atlanta,4042315907,unknown,vegetarian
10,0,bruno,felidia,' 240 e. 58th st. ',' 243 e. 58th st. ',` new york ',` new york city ',212/688 -4190,212-758-1479,italian,italian,195,33,bruno,240 e. 58th street,new york,2126884190,unknown,italian,felidia,243 e 58th street,New York City,2127581479,unknown,italian
11,0,` border grill ',` jackson diner ',' 4th st. ',' 37-03 74th st. ',` los angeles ',queens,310/451 -1655,718-672-1232,mexican,indian,116,616,border grill,4th street,los angeles,3104511655,unknown,mexican,jackson diner,37-03 74th street,Queens,7186721232,unknown,indian
12,0,` coyote cafe ',` palace court ',' 3799 las vegas blvd. s ',' 3570 las vegas blvd. s. ',` las vegas ',` las vegas ',702/891 -7349,702-731-7110,southwestern,` french ( new ) ',68,70,coyote cafe,3799 las vegas blvd s,Las Vegas,7028917349,unknown,southwestern,palace court,3570 las vegas blvd s,Las Vegas,7027317110,unknown,french
13,0,` jack sprat \ 's grill ',` apple pan the ',' 10668 w. pico blvd. ',' 10801 w. pico blvd. ',` los angeles ',` west la ',310/837 -6662,310-475-3585,` health food ',american,140,534,jack sprats grill,10668 w pico blvd,los angeles,3108376662,unknown,health food,apple pan,10801 w pico blvd,west la,3104753585,unknown,american
14,0,` circus circus ',` michael \ 's ( las vegas ) ',' 2880 las vegas blvd. s ',' 3595 las vegas blvd. s. ',` las vegas ',` las vegas ',702/734 -0410,702-737-7111,buffets,continental,437,664,circus circus,2880 las vegas blvd south,las vegas,7027340410,unknown,buffets,michaels,3595 las vegas blvd s,Las Vegas,7027377111,unknown,continental
15,0,` le perigord ',` la grenouille ',' 405 e. 52nd st. ',' 3 e. 52nd st. ',` new york ',` new york city ',212/755 -6244,212-752-1495,french,` french ( classic ) ',291,623,le perigord,405 east 52nd street,new york,2127556244,unknown,french,la grenouille,3 e 52nd street,New York City,2127521495,unknown,french
16,0,` les celebrites ',` san domenico ',' 160 central park s ',' 240 central park s. ',` new york ',` new york city ',212/484 -5113,212-265-5959,french,italian,42,57,les celebrites,160 central park south,New York,2124845113,unknown,french,san domenico,240 central park south,New York City,2122655959,unknown,italian
17,0,` bugsy \ 's diner ',` palace court ',' 3555 las vegas blvd. s ',' 3570 las vegas blvd. s. ',` las vegas ',` las vegas ',702/733 -3111,702-731-7110,` coffee shops/diners ',` french ( new ) ',431,70,bugsys diner,3555 las vegas boulevard south,Las Vegas,7027333111,unknown,coffee shops/diners,palace court,3570 las vegas blvd s,Las Vegas,7027317110,unknown,french
18,0,dive !,` palm the ( los angeles ) ',' 10250 santa monica blvd. ',' 9001 santa monica blvd. ',` los angeles ',` w. hollywood ',310/788 -,310-550-8811,` dive american ',steakhouses,128,15,dive,10250 santa monica boulevard,Los Angeles,310788,unknown,american,palm the,9001 santa monica blvd.,w. hollywood,3105508811,unknown,steakhouses
19,0,` luna si ',nava,' 1931 peachtree rd. ',' 3060 peachtree rd. ',atlanta,atlanta,404/355 -5993,404-240-1984,continental,southwestern,405,706,luna si,1931 peachtree road,Atlanta,4043555993,unknown,continental,nava,3060 peachtree road,Atlanta,4042401984,unknown,southwestern
20,0,toulouse,` ritz-carlton dining room ( buckhead ) ',' b peachtree rd. ',' 3434 peachtree rd. ne ',atlanta,atlanta,404/351 -9533,404-237-2700,french,` american ( new ) ',92,90,toulouse,b peachtree road,atlanta,4043519533,unknown,french,ritz-carlton dining room,3434 peachtree road ne,Atlanta,4042372700,unknown,american
21,0,` ralph \ 's diner ','em eril \ 's new orleans fish house ',' 3000 las vegas blvd. s ',' 3799 las vegas blvd. s. ',` las vegas ',` las vegas ',702/732 -6330,702-891-7374,` coffee shops/diners ',seafood,448,659,ralphs diner,3000 las vegas boulevard south,Las Vegas,7027326330,unknown,coffee shops/diners,emerils-new-orleans-fish-house,3799 las vegas blvd s,las vegas,7028917374,unknown,seafood
22,1,` indigo coastal grill ',` indigo coastal grill ',' 1397 n. highland ave. ',' 1397 n. highland ave. ',atlanta,atlanta,404/876 -0676,404-876-0676,caribbean,eclectic,84,84,indigo coastal grill,1397 n highland avenue,atlanta,4048760676,unknown,caribbean,indigo coastal grill,1397 n highland avenue,atlanta,4048760676,unknown,eclectic
23,0,oceana,aquavit,'55 e. 54th st. ','13 w. 54th st. ',` new york ',` new york city ',212/759 -5941,212-307-7311,seafood,scandinavian,50,24,oceana,55 e street,new york,2127595941,unknown,seafood,aquavit,13 w 54th street,New York City,2123077311,unknown,scandinavian
24,1,abruzzi,abruzzi,' 2355 peachtree rd. . peachtree battle shopping center ',' 2355 peachtree rd. ne ',atlanta,atlanta,404/261 -8186,404-261-8186,italian,italian,74,74,abruzzi,2355 peachtree road peachtreet battle shopping center,Atlanta,4042618186,unknown,italian,abruzzi,2355 peachtree road ne,atlanta,4042618186,unknown,italian
25,0,` mandarin court ',` fiore rotisserie & grille ',' 1510 e. flamingo rd. ',' 3700 w. flamingo rd. ',` las vegas ',` las vegas ',702/737 -1234,702-252-7702,asian,italian,443,660,mandarin court,1510 east flamingo road,Las Vegas,7027371234,unknown,asian,fiore rotisserie & grille,3700 w flamingo rd,las vegas,7022527702,unknown,italian
26,0,oceana,` shun lee palace ','55 e. 54th st. ',' 155 e. 55th st. ',` new york ',` new york city ',212/759 -5941,212-371-8844,seafood,chinese,50,60,oceana,55 e. 54th street,new york,2127595941,unknown,seafood,shun lee palace,155 e 55th street,New York City,2123718844,60,chinese
27,0,` steak house ',` palace court ',' 2880 las vegas blvd. s ',' 3570 las vegas blvd. s. ',` las vegas ',` las vegas ',702/734 -0410,702-731-7110,` steak houses ',` french ( new ) ',72,70,steak house,2880 las vegas boulevard south,Las Vegas,7027340410,unknown,steak,palace court,3570 las vegas blvd s,Las Vegas,7027317110,unknown,french
28,0,bistro,` chin \ 's ',' 3400 las vegas blvd. s ',' 3200 las vegas blvd. s. ',` las vegas ',` las vegas ',702/791 -7111,702-733-8899,continental,chinese,429,67,bistro,3400 las vegas blvd s,Las Vegas,7027917111,unknown,continental,chins,3200 las vegas blvd south,Las Vegas,7027338899,unknown,chinese
29,0,` bugsy \ 's diner ',` madame ching \ 's ',' 3555 las vegas blvd. s ',' 3300 las vegas blvd. s. ',` las vegas ',` las vegas ',702/733 -3111,702-894-7111,` coffee shops/diners ',asian,431,662,bugsys diner,3555 las vegas blvd south,las vegas,7027333111,unknown,coffee shops/diners,madame ching's,3300 las vegas blvd south,las vegas,7028947111,unknown,asian
30,0,` cafe roma ',` buccaneer bay club ',' 3570 las vegas blvd. s ',' 3300 las vegas blvd. s. ',` las vegas ',` las vegas ',702/731 -7547,702-894-7350,` coffee shops/diners ',continental,433,657,cafe roma,3570 las vegas boulevard south,Las Vegas,7027317547,unknown,coffee shops/diners,buccaneer bay club,3300 las vegas boulevard south,las vegas,7028947350,unknown,continental
31,0,` lillie langtry \ 's ',` second street grill ',' 129 e. fremont st. ',' 200 e. fremont st. ',` las vegas ',` las vegas ',702/385 -7111,702-385-6277,asian,` pacific rim ',442,71,lillie langtry's,129 e fremont street,Las Vegas,7023857111,442,asian,second street grill,200 e fremont st,las vegas,7023856277,unknown,pacific rim
32,0,palisades,` brasserie le coze ',' 1829 peachtree rd. ',' 3393 peachtree rd. ',atlanta,atlanta,404/350 -6755,404-266-1440,continental,` french bistro ',410,77,palisades,1829 peachtree road,atlanta,4043506755,unknown,continental,brasserie le coze,3393 peachtree road,atlanta,4042661440,unknown,french
33,0,` circus circus ',` spago ( las vegas ) ',' 2880 las vegas blvd. s ',' 3500 las vegas blvd. s. ',` las vegas ',` las vegas ',702/734 -0410,702-369-6300,buffets,californian,437,670,circus circus,2880 las vegas blvd s,Las Vegas,7027340410,unknown,buffets,spago,3500 las vegas boulevard south,las vegas,7023696300,unknown,californian
34,0,` schatzi on main ',` chinois on main ',' 3110 main st. ',' 2709 main st. ',` los angeles ',` santa monica ',310/399 -4800,310-392-9025,continental,` pacific new wave ',162,5,schatzi on main,3110 main street,los angeles,3103994800,unknown,continental,chinois on main,2709 main street,Santa Monica,3103929025,unknown,pacific new wave
35,1,` island spice ',` island spice ',' 402 w. 44th st. ',' 402 w. 44th st. ',` new york ',` new york city ',212/765 -1737,212-765-1737,` tel caribbean ',caribbean,37,37,island spice,402 w. 44th street,new york,2127651737,unknown,tel caribbean,island spice,402 w. 44th street,New York City,2127651737,unknown,caribbean
36,0,` le dome ',` spago ( los angeles ) ',' 8720 sunset blvd. ',' 8795 sunset blvd. ',` los angeles ',` w. hollywood ',310/659 -6919,310-652-4025,french,californian,145,20,le dome,8720 sunset blvd.,los angeles,3106596919,unknown,french,spago,8795 sunset blvd.,W. Hollywood,3106524025,unknown,californian
37,0,` mambo restaurante cubano ',` uncle bill \ 's pancake house ',' 1402 n. highland ave. ',' 1305 highland ave. ',atlanta,` manhattan beach ',404/874 -2626,310-545-5177,caribbean,diners,406,599,mambo restaurante cubano,1402 n highland ave,atlanta,4048742626,unknown,caribbean,uncle bill s pancake house,1305 highland avenue,manhattan beach,3105455177,diners,unknown
38,0,` hedgerose heights inn ',' 103 west ',' 490 e. paces ferry rd. ',' 103 w. paces ferry rd. ',atlanta,atlanta,404/233 -7673,404-233-5993,international,continental,82,675,hedgerose heights inn,490 east paces ferry road,atlanta,4042337673,unknown,international,west,103 w paces ferry road,Atlanta,4042335993,unknown,continental
39,0,joss,` fenix at the argyle ',' 9255 sunset blvd. ',' 8358 sunset blvd. ',` los angeles ',` w. hollywood ',310/276 -1886,213-848-6677,asian,` french ( new ) ',143,7,joss,9255 sunset blvd.,los angeles,3102761886,unknown,asian,fenix at the argyle,8358 sunset blvd.,w hollywood,2138486677,unknown,french
40,0,manora,` dusit thai ',' 3226 mission st. ',' 3221 mission st. ',` san francisco ',` san francisco ',415/861 -6224,415-826-4639,asian,thai,494,728,manora,3226 mission street,San Francisco,4158616224,unknown,asian,dusit thai,3221 mission street,san francisco,4158264639,unknown,thai
41,0,bistro,` monte carlo ',' 3400 las vegas blvd. s ',' 3145 las vegas blvd. s. ',` las vegas ',` las vegas ',702/791 -7111,702-733-4524,continental,` french ( new ) ',429,665,bistro,3400 las vegas boulevard south,Las Vegas,7027917111,unknown,continental,monte carlo,3145 las vegas blvd s,Las Vegas,7027334524,unknown,french
42,0,` le colonial ',` koo koo roo ',' 8783 beverly blvd. ',' 8393 w. beverly blvd. ',` los angeles ',la,310/289 -0660,213-655-9045,asian,chicken,144,567,le colonial,8783 beverly boulevard,Los Angeles,3102890660,unknown,asian,koo koo roo,8393 w beverly blvd,la,2136559045,unknown,chicken
43,0,` ca \ ` brea ',` pink \ 's famous chili dogs ',' 346 s. la brea ave. ',' 709 n. la brea ave. ',` los angeles ',la,213/938 -2863,213-931-4223,italian,` hot dogs ',118,586,ca brea,346 s la brea avenue,Los Angeles,2139382863,unknown,italian,pinks famous chili dogs,709 n la brea avenue,la,2139314223,unknown,hot dogs
44,0,` tommy tang \ 's ',citrus,' 7313 melrose ave. ',' 6703 melrose ave. ',` los angeles ',` los angeles ',213/937 -5733,213-857-0034,asian,californian,167,6,tommy tang,7313 melrose avenue,los angeles,2139375733,unknown,asian,citrus,6703 melrose avenue,Los Angeles,2138570034,unknown,californian
45,0,` palace court ',` chin \ 's ',' 3570 las vegas blvd. s ',' 3200 las vegas blvd. s. ',` las vegas ',` las vegas ',702/731 -7547,702-733-8899,continental,chinese,70,67,palace court,3570 las vegas boulevard south,Las Vegas,7027317547,unknown,continental,chins,3200 las vegas boulevard s,Las Vegas,7027338899,unknown,chinese
46,0,` bertolini \ 's ',` morton \ 's of chicago ( las vegas ) ',' 3570 las vegas blvd. s ',' 3200 las vegas blvd. s. ',` las vegas ',` las vegas ',702/735 -4663,702-893-0703,italian,steakhouses,427,667,bertolini,3570 las vegas blvd south,Las Vegas,7027354663,unknown,italian,morton s of chicago,3200 las vegas boulevard south,Las Vegas,7028930703,unknown,steakhouses
47,0,` pen & pencil ',` shun lee palace ',' 205 e. 45th st. ',' 155 e. 55th st. ',` new york ',` new york city ',212/682 -8660,212-371-8844,american,chinese,325,60,pen & pencil,205 east 45th street,new york,2126828660,unknown,american,shun lee palace,155 east 55th street,New York City,2123718844,unknown,chinese
48,0,` steak house ',moongate,' 2880 las vegas blvd. s ',' 3400 las vegas blvd. s. ',` las vegas ',` las vegas ',702/734 -0410,702-791-7352,` steak houses ',chinese,72,666,steak house,2880 las vegas blvd south,Las Vegas,7027340410,unknown,steak,moongate,3400 las vegas blvd s,las vegas,7027917352,unknown,chinese
49,0,` viva mercado \ 's ',` fiore rotisserie & grille ',' 6182 w. flamingo rd. ',' 3700 w. flamingo rd. ',` las vegas ',` las vegas ',702/871 -8826,702-252-7702,mexican,italian,451,660,viva mercado,6182 w flamingo rd,las vegas,7028718826,unknown,mexican,fiore rotisserie grille,3700 w flamingo road,Las Vegas,7022527702,unknown,italian
50,0,` ed debevic \ 's ',matsuhisa,' 134 n. la cienega ',' 129 n. la cienega blvd. ',` los angeles ',` beverly hills ',310/659 -1952,310-659-9639,american,seafood,133,14,ed debevic s,134 n la cienega,Los Angeles,3106591952,unknown,american,matsuhisa,129 n la cienega blvd,Beverly Hills,3106599639,unknown,seafood
51,0,` cafe michelle ','till erman the ',' 1350 e. flamingo rd. ',' 2245 e. flamingo rd. ',` las vegas ',` las vegas ',702/735 -8686,702-731-4036,american,steakhouses,432,73,cafe michelle,1350 e flamingo road,Las Vegas,7027358686,unknown,american,tillerman,2245 e flamingo road,las vegas,7027314036,unknown,steakhouses
52,0,` steak house ',` monte carlo ',' 2880 las vegas blvd. s ',' 3145 las vegas blvd. s. ',` las vegas ',` las vegas ',702/734 -0410,702-733-4524,` steak houses ',` french ( new ) ',72,665,steak house,2880 las vegas boulevard south,Las Vegas,7027340410,unknown,steak,monte carlo,3145 las vegas boulevard south,Las Vegas,7027334524,unknown,french
53,0,` bertolini \ 's ','em eril \ 's new orleans fish house ',' 3570 las vegas blvd. s ',' 3799 las vegas blvd. s. ',` las vegas ',` las vegas ',702/735 -4663,702-891-7374,italian,seafood,427,659,bertolini,3570 las vegas boulevard south,Las Vegas,7027354663,unknown,italian,emril new orleans fish house,3799 las vegas boulevard south,las vegas,7028917374,unknown,seafood
54,0,` dante \ 's down the hatch buckhead ',toulouse,' 3380 peachtree rd. ',' 293-b peachtree rd. ',atlanta,atlanta,404/266 -1600,404-351-9533,continental,` french ( new ) ',393,92,dante s down the hatch buckhead,3380 peachtree road,atlanta,4042661600,unknown,continental,toulouse,293 peachtree road,Atlanta,4043519533,unknown,french
55,0,` coyote cafe ',` spago ( las vegas ) ',' 3799 las vegas blvd. s ',' 3500 las vegas blvd. s. ',` las vegas ',` las vegas ',702/891 -7349,702-369-6300,southwestern,californian,68,670,coyote cafe,3799 las vegas boulevard south,Las Vegas,7028917349,unknown,southwestern,spago,3500 las vegas blvd s,las vegas,7023696300,unknown,californian
56,1,` la caravelle ',` la caravelle ','33 w. 55th st. ','33 w. 55th st. ',` new york ',` new york city ',212/586 -4252,212-586-4252,french,` french ( classic ) ',39,39,la caravelle,33 west 55th street,New York,2125864252,unknown,french,la caravelle,33 w 55th street,New York City,2125864252,unknown,french
57,1,tillerman,'till erman the ',' 2245 e. flamingo rd. ',' 2245 e. flamingo rd. ',` las vegas ',` las vegas ',702/731 -4036,702-731-4036,seafood,steakhouses,73,73,tillerman,2245 e flamingo road,las vegas,7027314036,unknown,seafood,tillerman,2245 e flamingo road,las vegas,7027314036,unknown,steakhouses
58,1,` san domenico ',` san domenico ',' 240 central park s ',' 240 central park s. ',` new york ',` new york city ',212/265 -5959,212-265-5959,italian,italian,57,57,san domenico,240 central park south,New York,2122655959,unknown,italian,san domenico,240 central park south,New York City,2122655959,unknown,italian
59,1,` second avenue deli ',` second avenue deli ',' 156 2nd ave. at 10th st. ',' 156 second ave. ',` new york ',` new york city ',212/677 -0606,212-677-0606,delicatessen,delis,58,58,second avenue deli,156 second ave at 10th street,new york,2126770606,unknown,delicatessen,second avenue deli,156 second avenue,new york city,2126770606,unknown,delis
60,0,fenix,` spago ( los angeles ) ',' 8358 sunset blvd. west ',' 8795 sunset blvd. ',hollywood,` w. hollywood ',213/848 -6677,310-652-4025,american,californian,7,20,fenix,8358 sunset blvd west,Hollywood,2138486677,unknown,american,spago,8795 sunset blvd.,W. Hollywood,3106524025,unknown,californian
61,0,` il fornaio cucina italiana ',` ruth \ 's chris steak house ( los angeles ) ',' 301 n. beverly dr. ',' 224 s. beverly dr. ',` los angeles ',` beverly hills ',310/550 -8330,310-859-8744,italian,steakhouses,139,593,il fornaio cucina italiana,301 n beverly dr,Los Angeles,3105508330,unknown,italian,ruths chris steak house,224 s beverly dr,beverly hills,3108598744,unknown,steakhouse
62,0,` cafe roma ',` sterling brunch ',' 3570 las vegas blvd. s ',' 3645 las vegas blvd. s. ',` las vegas ',` las vegas ',702/731 -7547,702-739-4651,` coffee shops/diners ',eclectic,433,673,cafe roma,3570 las vegas blvd s,las vegas,7027317547,unknown,coffee shops/diners,sterling brunch,3645 las vegas blvd s,las vegas,7027394651,unknown,eclectic
63,0,bistango,` alon \ 's at the terrace ',' 1100 peachtree st. ',' 659 peachtree st. ',atlanta,atlanta,404/724 -0901,404-724-0444,mediterranean,sandwiches,386,676,bistango,1100 peachtree street,atlanta,4047240901,unknown,mediterranean,alon s at the terrace,659 peachtree street,Atlanta,4047240444,unknown,sandwiches
64,1,bacchanalia,bacchanalia,' 3125 piedmont rd. . near peachtree rd. ',' 3125 piedmont rd. ',atlanta,atlanta,404/365 -0410,404-365-0410,international,californian,75,75,bacchanalia,3125 piedmont road near peachtree road,Atlanta,4043650410,unknown,international,bacchanalia,3125 piedmont road,Atlanta,4043650410,unknown,californian
65,0,dawat,` les celebrites ',' 210 e. 58th st. ',' 155 w. 58th st. ',` new york ',` new york city ',212/355 -7555,212-484-5113,asian,` french ( classic ) ',32,42,dawat,210 east 58th street,New York,2123557555,unknown,asian,les celebrites,155 w 58th street,New York City,2124845113,unknown,french
66,0,march,dawat,' 405 e. 58th st. ',' 210 e. 58th st. ',` new york ',` new york city ',212/754 -6272,212-355-7555,american,indian,46,32,march,405 east 58th street,New York,2127546272,unknown,american,dawat,210 e. 58th street,New York City,2123557555,unknown,indian
67,0,palisades,toulouse,' 1829 peachtree rd. ',' 293-b peachtree rd. ',atlanta,atlanta,404/350 -6755,404-351-9533,continental,` french ( new ) ',410,92,palisades,1829 peachtree road,Atlanta,4043506755,unknown,continental,toulouse,293 peachtree rd.,Atlanta,4043519533,unknown,french
68,0,` bugsy \ 's diner ',` tre visi ',' 3555 las vegas blvd. s ',' 3799 las vegas blvd. s. ',` las vegas ',` las vegas ',702/733 -3111,702-891-7331,` coffee shops/diners ',italian,431,674,bugsy s diner,3555 las vegas blvd south,las vegas,7027333111,unknown,coffee shops/diners,tre visi,3799 las vegas blvd s,las vegas,7028917331,unknown,italian
69,0,` chin \ 's ',` cha cha cha \ 's ',' 3200 las vegas blvd. s ',' 1805 haight st. ',` las vegas ',` san francisco ',702/733 -8899,415-386-5758,asian,caribbean,67,725,chins,3200 las vegas boulevard south,las vegas,7027338899,unknown,asian,cha cha cha,1805 haight street,San Francisco,4153865758,unknown,caribbean
70,0,` arnie morton \ 's of chicago ',` morton \ 's of chicago ( atlanta ) ',' 435 s. la cienega blv . ',' 303 peachtree st. ne ',` los angeles ',atlanta,310/246 -1501,404-577-4366,american,steakhouses,0,704,arnie morton's of chicago,435 s la cienega blvd,los angeles,3102461501,unknown,american,morton s of chicago,303 peachtree street ne,Atlanta,4045774366,unknown,steakhouses
71,0,eclipse,` le chardonnay ( los angeles ) ',' 8800 melrose ave. ',' 8284 melrose ave. ',` los angeles ',` los angeles ',310/724 -5959,213-655-8880,californian,` french bistro ',132,12,eclipse,8800 melrose avenue,los angeles,3107245959,unknown,californian,le chardonnay,8284 melrose avenue,los angeles,2136558880,unknown,french bistro
72,0,` second street grille ',` stefano \ 's ',' 200 e. fremont st. ',' 129 fremont st. ',` las vegas ',` las vegas ',702/385 -3232,702-385-7111,seafood,italian,71,672,second street grille,200 e fremont street,Las Vegas,7023853232,unknown,seafood,stefano's,129 fremont street,Las Vegas,7023857111,unknown,italian
73,0,` cafe bizou ',` pinot bistro ',' 14016 ventura blvd. ',' 12969 ventura blvd. ',` sherman oaks ',` studio city ',818/788 -3536,818-990-0500,french,` french bistro ',3,18,cafe bizou,14016 ventura blvd.,sherman oaks,8187883536,unknown,french,pinot bistro,12969 ventura blvd.,studio city,8189900500,unknown,french
74,1,` cafe des artistes ',` cafe des artistes ',' 1 w. 67th st. ',' 1 w. 67th st. ',` new york ',` new york city ',212/877 -3500,212-877-3500,continental,` french ( classic ) ',27,27,cafe des artistes,1 w. 67th street,new york,2128773500,unknown,continental,cafe des artistes,1 w 67th street,New York City,2128773500,unknown,french
75,1,` mifune japan center kintetsu building ',mifune,' 1737 post st. ',' 1737 post st. ',` san francisco ',` san francisco ',415/922 -0337,415-922-0337,asian,japanese,107,107,mifune japan center,1737 post street,San Francisco,4159220337,unknown,asian,mifune,1737 post street,San Francisco,4159220337,unknown,japanese
76,0,` mandarin court ',` buzio \ 's in the rio ',' 1510 e. flamingo rd. ',' 3700 w. flamingo rd. ',` las vegas ',` las vegas ',702/737 -1234,702-252-7697,asian,seafood,443,658,mandarin court,1510 e flamingo road,las vegas,7027371234,unknown,asian,buzio rio,3700 w flamingo road,las vegas,7022527697,unknown,seafood
77,0,` dante \ 's down the hatch buckhead ',` georgia grille ',' 3380 peachtree rd. ',' 2290 peachtree rd. ',atlanta,atlanta,404/266 -1600,404-352-3517,continental,southwestern,393,81,dante s down the hatch buckhead,3380 peachtree road,Atlanta,4042661600,unknown,continental,georgia grille,2290 peachtree rd.,Atlanta,4043523517,unknown,southwestern
78,0,` cafe ritz-carlton buckhead ',` palm the ( atlanta ) ',' 3434 peachtree rd. ',' 3391 peachtree rd. ne ',atlanta,atlanta,404/237 -2700,404-814-1955,` ext 6108 international ',steakhouses,89,709,ritz-carlton-buckhead,3434 peachtree road,Atlanta,4042372700,unknown,international,palm the,3391 peachtree rd ne,Atlanta,4048141955,unknown,steakhouses
79,0,` the palm ',` belvedere the ',' 9001 santa monica blvd. ',' 9882 little santa monica blvd. ',` los angeles ',` beverly hills ',310/550 -8811,310-788-2306,american,` pacific new wave ',15,537,the palm,9001 santa monica boulevard,los angeles,3105508811,unknown,american,belvedere the,9882 little santa monica blvd.,Beverly Hills,3107882306,unknown,pacific new wave
80,0,` le dome ',` fenix at the argyle ',' 8720 sunset blvd. ',' 8358 sunset blvd. ',` los angeles ',` w. hollywood ',310/659 -6919,213-848-6677,french,` french ( new ) ',145,7,le dome,8720 sunset blvd.,Los Angeles,3106596919,unknown,french,fenix at the argyle,8358 sunset boulevard,W Hollywood,2138486677,unknown,french
81,0,bizou,fringale,' 598 fourth st. ',' 570 fourth st. ',` san francisco ',` san francisco ',415/543 -2222,415-543-0573,french,` french bistro ',459,101,bizou,598 fourth street,San Francisco,4155432222,unknown,french,fringale,570 fourth street,San Francisco,4155430573,unknown,french
82,0,` cafe botanica ',` san domenico ',' 160 central park s ',' 240 central park s. ',` new york ',` new york city ',212/484 -5120,212-265-5959,french,italian,200,57,cafe botanica,160 central park south,new york,2124845120,unknown,french,san domenico,240 central park south,New York City,2122655959,unknown,italian
83,0,tomtom,` brasserie le coze ',' 3393 peachtree rd. ',' 3393 peachtree rd. ',atlanta,atlanta,404/264 -1163,404-266-1440,continental,` french bistro ',422,77,tomtom,3393 peachtree rd.,atlanta,4042641163,unknown,continental,brasserie le coze,3393 peachtree road,atlanta,4042661440,unknown,french
84,0,` golden nugget hotel ',` hugo \ 's cellar ',' 129 e. fremont st. ',' 202 e. fremont st. ',` las vegas ',` las vegas ',702/385 -7111,702-385-4011,buffets,continental,440,661,golden nugget hotel,129 e fremont street,Las Vegas,7023857111,unknown,buffets,hugo s cellar,202 e fremont street,Las Vegas,7023854011,unknown,continental
85,0,` ralph \ 's diner ',` morton \ 's of chicago ( las vegas ) ',' 3000 las vegas blvd. s ',' 3200 las vegas blvd. s. ',` las vegas ',` las vegas ',702/732 -6330,702-893-0703,` coffee shops/diners ',steakhouses,448,667,ralphs diner,3000 las vegas boulevard south,Las Vegas,7027326330,unknown,coffee shops/diners,morton s of chicago,3200 las vegas boulevard south,Las Vegas,7028930703,unknown,steakhouses
86,0,bruno,petrossian,' 240 e. 58th st. ',' 182 w. 58th st. ',` new york ',` new york city ',212/688 -4190,212-245-2214,italian,russian,195,52,bruno,240 e 58th street,new york,2126884190,unknown,italian,petrossian,182 west 58th street,New York City,2122452214,unknown,russian
87,0,posto,` mulberry st. ',' 14928 ventura blvd. ',' 17040 ventura blvd. ',` sherman oaks ',encino,818/784 -4400,818-906-8881,italian,pizza,156,580,posto,14928 ventura boulevard,Sherman Oaks,8187844400,unknown,italian,mulberry,17040 ventura blvd,Encino,8189068881,unknown,pizza
88,0,` tang pavillion ',` la caravelle ','65 w. 55th st. ','33 w. 55th st. ',` new york ',` new york city ',212/956 -6888,212-586-4252,asian,` french ( classic ) ',356,39,tang pavillion,65 w street,new york,2129566888,unknown,asian,la caravelle,33 w 55th street,New York City,2125864252,unknown,french
89,0,` monkey bar ',` jo jo ','60 e. 54th st. ',' 160 e. 64th st. ',` new york ',` new york city ',212/838 -2600,212-223-5656,american,` french bistro ',308,38,monkey bar,60 east 54th street,New York,2128382600,unknown,american,jo jo,160 e. 64th street,New York City,2122235656,unknown,french bistro
90,0,abbey,` mary mac \ 's tea room ',' 163 ponce de leon ave. ',' 224 ponce de leon ave. ',atlanta,atlanta,404/876 -8532,404-876-1800,international,southern/soul,379,86,abbey,163 ponce de leon avenue,Atlanta,4048768532,unknown,international,mary macs tea room,224 ponce de leon avenue,atlanta,4048761800,unknown,southern/soul
91,0,pamplemousse,` mayflower cuisinier ',' 400 e. sahara ave. ',' 4750 w. sahara ave. ',` las vegas ',` las vegas ',702/733 -2066,702-870-8432,continental,chinese,447,663,pamplemousse,400 e. sahara avenue,Las Vegas,7027332066,unknown,continental,mayflower cuisinier,4750 w sahara avenue,las vegas,7028708432,unknown,chinese
92,0,` coyote cafe ',` sterling brunch ',' 3799 las vegas blvd. s ',' 3645 las vegas blvd. s. ',` las vegas ',` las vegas ',702/891 -7349,702-739-4651,southwestern,eclectic,68,673,coyote cafe,3799 las vegas blvd s,las vegas,7028917349,unknown,southwestern,sterling brunch,3645 las vegas boulevard south,Las Vegas,7027394651,eclectic,unknown
93,0,joss,` spago ( los angeles ) ',' 9255 sunset blvd. ',' 8795 sunset blvd. ',` los angeles ',` w. hollywood ',310/276 -1886,310-652-4025,asian,californian,143,20,joss,9255 sunset blvd.,los angeles,3102761886,unknown,asian,spago,8795 sunset blvd.,W. Hollywood,3106524025,unknown,californian
94,0,aureole,sushisay,'34 e. 61st st. ','38 e. 51st st. ',` new york ',` new york city ',' 212 / 319-1660 ',212-755-1780,american,japanese,25,643,aureole,34 e 61st street,New York,2123191660,unknown,american,sushisay,38 e 51st street,New York City,2127551780,unknown,japanese
95,0,` cha cha cha ',` cha cha cha \ 's ',' 656 n. virgil ave. ',' 1805 haight st. ',` los angeles ',` san francisco ',213/664 -7723,415-386-5758,caribbean,caribbean,124,725,cha cha cha,656 n virgil ave,los angeles,2136647723,unknown,caribbean,cha cha cha's,1805 haight street,San Francisco,4153865758,unknown,caribbean
96,0,` le bernardin ',` les celebrites ',' 155 w. 51st st. ',' 155 w. 58th st. ',` new york ',` new york city ',212/489 -1515,212-484-5113,french,` french ( classic ) ',41,42,le bernardin,155 w. 51st street,New York,2124891515,unknown,french,les celebrites,155 w 58th st,New York City,2124845113,unknown,french
97,0,bistro,` madame ching \ 's ',' 3400 las vegas blvd. s ',' 3300 las vegas blvd. s. ',` las vegas ',` las vegas ',702/791 -7111,702-894-7111,continental,asian,429,662,bistro,3400 las vegas blvd south,las vegas,7027917111,continental,unknown,madame ching,3300 las vegas boulevard south,las vegas,7028947111,unknown,asian
98,0,toulouse,` brookhaven cafe ',' b peachtree rd. ',' 4274 peachtree rd. ',atlanta,atlanta,404/351 -9533,404-231-5907,french,vegetarian,92,682,toulouse,b peachtree road,atlanta,4043519533,unknown,french,brookhaven cafe,4274 peachtree road,Atlanta,4042315907,unknown,vegetarian
99,0,` palace court ',` morton \ 's of chicago ( las vegas ) ',' 3570 las vegas blvd. s ',' 3200 las vegas blvd. s. ',` las vegas ',` las vegas ',702/731 -7547,702-893-0703,continental,steakhouses,70,667,palace court,3570 las vegas blvd s,Las Vegas,7027317547,unknown,continental,morton of chicago,3200 las vegas blvd s,las vegas,7028930703,unknown,steakhouses
100,0,` bally \ 's big kitchen ',` buccaneer bay club ',' 3645 las vegas blvd. s ',' 3300 las vegas blvd. s. ',` las vegas ',` las vegas ',702/739 -4111,702-894-7350,buffets,continental,424,657,ballys big kitchen,3645 las vegas boulevard south,Las Vegas,7027394111,unknown,buffets,buccaneer bay club,3300 las vegas boulevard south,Las Vegas,7028947350,unknown,continental
101,0,dive !,` la cachette ',' 10250 santa monica blvd. ',' 10506 little santa monica blvd. ',` los angeles ',` century city ',310/788 -,310-470-4992,` dive american ',` french ( new ) ',128,568,dive,10250 santa monica boulevard,Los Angeles,310788,unknown,american,la cachette,10506 little santa monica blvd,Century City,3104704992,unknown,french
102,0,citrus,` sweet lady jane ',' 6703 melrose ave. ',' 8360 melrose ave. ',` los angeles ',la,213/857 -0034,213-653-7145,californian,desserts,6,596,citrus,6703 melrose avenue,Los Angeles,2138570034,unknown,californian,sweet lady jane,8360 melrose avenue,la,2136537145,unknown,desserts
103,0,` cafe roma ',` monte carlo ',' 3570 las vegas blvd. s ',' 3145 las vegas blvd. s. ',` las vegas ',` las vegas ',702/731 -7547,702-733-4524,` coffee shops/diners ',` french ( new ) ',433,665,cafe roma,3570 las vegas blvd s,las vegas,7027317547,unknown,coffee shops/diners,monte carlo,3145 las vegas blvd s,Las Vegas,7027334524,unknown,french
104,1,` fleur de lys ',` fleur de lys ',' 777 sutter st. ',' 777 sutter st. ',` san francisco ',` san francisco ',415/673 -7779,415-673-7779,french,` french ( new ) ',100,100,fleur de lys,777 sutter street,San Francisco,4156737779,unknown,french,fleur de lys,777 sutter street,san francisco,4156737779,unknown,french
105,0,` chin \ 's ',` palace court ',' 3200 las vegas blvd. s ',' 3570 las vegas blvd. s. ',` las vegas ',` las vegas ',702/733 -8899,702-731-7110,asian,` french ( new ) ',67,70,chins,3200 las vegas boulevard south,Las Vegas,7027338899,unknown,asian,palace court,3570 las vegas blvd s,Las Vegas,7027317110,unknown,french
106,0,` chin \ 's ',` spago ( las vegas ) ',' 3200 las vegas blvd. s ',' 3500 las vegas blvd. s. ',` las vegas ',` las vegas ',702/733 -8899,702-369-6300,asian,californian,67,670,chins,3200 las vegas blvd south,Las Vegas,7027338899,unknown,asian,spago,3500 las vegas boulevard south,Las Vegas,7023696300,unknown,californian
107,0,` coyote cafe ',` buccaneer bay club ',' 3799 las vegas blvd. s ',' 3300 las vegas blvd. s. ',` las vegas ',` las vegas ',702/891 -7349,702-894-7350,southwestern,continental,68,657,coyote cafe,3799 las vegas blvd s,Las Vegas,7028917349,unknown,southwestern,buccaneer bay club,3300 las vegas boulevard south,Las Vegas,7028947350,unknown,continental
108,0,` dante \ 's down the hatch buckhead ',` palm the ( atlanta ) ',' 3380 peachtree rd. ',' 3391 peachtree rd. ne ',atlanta,atlanta,404/266 -1600,404-814-1955,continental,steakhouses,393,709,dantes down the hatch buckhead,3380 peachtree road,atlanta,4042661600,unknown,continental,palm the,3391 peachtree road northeast,atlanta,4048141955,unknown,steakhouses
109,1,ciboulette,` ciboulette restaurant ',' 1529 piedmont ave. ',' 1529 piedmont ave. ',atlanta,atlanta,404/874 -7600,404-874-7600,french,` french ( new ) ',79,79,ciboulette,1529 piedmont avenue,Atlanta,4048747600,unknown,french,ciboulette restaurant,1529 piedmont avenue,Atlanta,4048747600,unknown,french
110,0,` jack sprat \ 's grill ',` main course the ',' 10668 w. pico blvd. ',' 10509 w. pico blvd. ',` los angeles ',` rancho park ',310/837 -6662,310-475-7564,` health food ',american,140,573,jack sprat s grill,10668 w pico blvd,Los Angeles,3108376662,unknown,health food,main course,10509 w pico blvd,Rancho Park,3104757564,unknown,american
111,0,` joe allen ',` sparks steak house ',' 326 w. 46th st. ',' 210 e. 46th st. ',` new york ',` new york city ',212/581 -6464,212-687-4855,american,steakhouses,275,641,joe allen,326 w 46th street,New York,2125816464,unknown,american,sparks steak house,210 e 46th street,new york city,2126874855,unknown,steakhouses
112,0,` la caravelle ',` lespinasse ( new york city ) ','33 w. 55th st. ',' 2 e. 55th st. ',` new york ',` new york city ',212/586 -4252,212-339-6719,french,asian,39,43,la caravelle,33 w. 55th street,New York,2125864252,unknown,french,lespinasse,2 e 55th street,New York City,2123396719,unknown,asian
113,0,` rose pistola ',` campo santo ',' 532 columbus ave. ',' 240 columbus ave. ',` san francisco ',` san francisco ',415/399 -0499,415-433-9623,italian,mexican,111,724,rose pistola,532 columbus avenue,San Francisco,4153990499,unknown,italian,campo santo,240 columbus avenue,san francisco,4154339623,unknown,mexican
114,1,fringale,fringale,' 570 4th st. ',' 570 fourth st. ',` san francisco ',` san francisco ',415/543 -0573,415-543-0573,french,` french bistro ',101,101,fringale,570 fourth street,san francisco,4155430573,unknown,french,fringale,570 fourth street,San Francisco,4155430573,unknown,french
115,0,` bamboo garden ',` fiore rotisserie & grille ',' 4850 flamingo rd. ',' 3700 w. flamingo rd. ',` las vegas ',` las vegas ',702/871 -3262,702-252-7702,asian,italian,425,660,bamboo garden,4850 flamingo road,las vegas,7028713262,unknown,asian,fiore rotisserie grille,3700 W flamingo road,las vegas,7022527702,unknown,italian
116,0,` art \ 's delicatessen ',` sushi nozawa ',' 12224 ventura blvd. ',' 11288 ventura blvd. ',` studio city ',` studio city ',818/762 -1221,818-508-7017,american,japanese,1,595,art s delicatessen,12224 ventura blvd.,Studio City,8187621221,unknown,american,sushi nozawa,11288 ventura boulevard,Studio City,8185087017,unknown,japanese
117,0,abbey,` java jive ',' 163 ponce de leon ave. ',' 790 ponce de leon ave. ',atlanta,atlanta,404/876 -8532,404-876-6161,international,` coffee shops ',379,698,abbey,163 ponce de leon avenue,Atlanta,4048768532,unknown,international,java jive,790 ponce de leon avenue,Atlanta,4048766161,unknown,coffee shops
118,0,` steak house ',` sparks steak house ',' 2880 las vegas blvd. s ',' 210 e. 46th st. ',` las vegas ',` new york city ',702/734 -0410,212-687-4855,` steak houses ',steakhouses,72,641,steak house,2880 las vegas blvd s,las vegas,7027340410,unknown,unknown,sparks steak house,210 e 46th street,New York City,2126874855,unknown,steakhouses
119,0,` pen & pencil ',` sparks steak house ',' 205 e. 45th st. ',' 210 e. 46th st. ',` new york ',` new york city ',212/682 -8660,212-687-4855,american,steakhouses,325,641,pen & pencil,205 e 45th street,New York,2126828660,unknown,american,sparks steak house,210 e 46th street,New York City,2126874855,unknown,steakhouses
120,0,boulevard,` dusit thai ',' 1 mission st. ',' 3221 mission st. ',` san francisco ',` san francisco ',415/543 -6084,415-826-4639,american,thai,96,728,boulevard,1 mission street,San Francisco,4155436084,unknown,american,dusit thai,3221 mission street,san francisco,4158264639,unknown,thai
121,0,` le dome ',` duke \ 's ',' 8720 sunset blvd. ',' 8909 sunset blvd. ',` los angeles ',` w. hollywood ',310/659 -6919,310-652-3100,french,` coffee shops ',145,551,le dome,8720 sunset boulevard,los angeles,3106596919,unknown,french,dukes,8909 sunset blvd.,W. Hollywood,3106523100,unknown,coffee shops
122,0,dawat,felidia,' 210 e. 58th st. ',' 243 e. 58th st. ',` new york ',` new york city ',212/355 -7555,212-758-1479,asian,italian,32,33,dawat,210 e. 58th street,New York,2123557555,unknown,asian,felidia,243 east 58th street,new york city,2127581479,unknown,italian
123,0,` campton place ',` ritz-carlton dining room ( san francisco ) ',' 340 stockton st. ',' 600 stockton st. ',` san francisco ',` san francisco ',415/955 -5555,415-296-7465,american,` french ( new ) ',98,110,campton place,340 stockton street,San Francisco,4159555555,unknown,american,ritz-carlton dining room,600 stockton street,San Francisco,4152967465,unknown,french
124,0,bizou,` corner bistro ',' 598 fourth st. ',' 331 w. fourth st. ',` san francisco ',` new york city ',415/543 -2222,212-242-9502,french,hamburgers,459,606,bizou,598 fourth street,San Francisco,4155432222,unknown,french,corner bistro,331 w fourth street,New York City,2122429502,unknown,hamburgers
125,0,'em press court ',` morton \ 's of chicago ( las vegas ) ',' 3570 las vegas blvd. s ',' 3200 las vegas blvd. s. ',` las vegas ',` las vegas ',702/731 -7888,702-893-0703,asian,steakhouses,438,667,em press court,3570 las vegas blvd s,las vegas,7027317888,unknown,asian,morton-s-of-chicago,3200 las vegas blvd s,Las Vegas,7028930703,unknown,steakhouses
126,0,` le colonial ',yama,' 149 e. 57th st. ',' 122 e. 17th st. ',` new york ',` new york city ',' 212 / 752-0808 ',212-475-0969,asian,japanese,286,654,le colonial,149 east 57th street,New York,2127520808,unknown,asian,yama,122 e 17th street,New York City,2124750969,unknown,japanese
127,0,dawat,` lespinasse ( new york city ) ',' 210 e. 58th st. ',' 2 e. 55th st. ',` new york ',` new york city ',212/355 -7555,212-339-6719,asian,asian,32,43,dawat,210 e 58th street,New York,2123557555,unknown,asian,lespinasse,2 e 55th street,new york city,2123396719,unknown,asian
128,1,` carmine \ 's ',` carmine \ 's ',' 2450 broadway between 90th and 91st sts . ',' 2450 broadway ',` new york ',` new york city ',212/362 -2200,212-362-2200,italian,italian,28,28,carmine,2450 broadway between 90th and 91st streets,New York,2123622200,unknown,italian,carmine,2450 broadway,new york city,2123622200,unknown,italian
129,0,patina,citrus,' 5955 melrose ave. ',' 6703 melrose ave. ',` los angeles ',` los angeles ',213/467 -1108,213-857-0034,californian,californian,16,6,patina,5955 melrose avenue,Los Angeles,2134671108,unknown,californian,citrus,6703 melrose avenue,Los Angeles,2138570034,unknown,californian
130,0,` hedgerose heights inn ',riviera,' 490 e. paces ferry rd. ',' 519 e. paces ferry rd. ',atlanta,atlanta,404/233 -7673,404-262-7112,international,mediterranean,82,712,hedgerose heights inn,490 e paces ferry road,Atlanta,4042337673,unknown,international,riviera,519 e paces ferry road,Atlanta,4042627112,unknown,mediterranean
131,0,` des alpes ',` gray \ 's papaya ',' 732 broadway ',' 2090 broadway ',` san francisco ',` new york city ',415/788 -9900,212-799-0243,french,` hot dogs ',468,614,des alpes,732 broadway,San Francisco,4157889900,unknown,french,grays papaya,2090 broadway,New York City,2127990243,unknown,hot dogs
132,0,` le soleil ',` alain rondelli ',' 133 clement st. ',' 126 clement st. ',` san francisco ',` san francisco ',415/668 -4848,415-387-0408,asian,` french ( new ) ',492,94,le soleil,133 clement street,San Francisco,4156684848,unknown,asian,alain rondelli,126 clement street,San Francisco,4153870408,unknown,french
133,1,` gramercy tavern ',` gramercy tavern ','42 e. 20th st. between park ave. s and broadway ','42 e. 20th st. ',` new york ',` new york city ',212/477 -0777,212-477-0777,american,` american ( new ) ',36,36,gramercy tavern,42 east 20th street between park avenue south and broadway,New York,2124770777,unknown,american,gramercy tavern,42 east 20th street,New York City,2124770777,36,american
134,0,` monkey bar ',` la cote basque ','60 e. 54th st. ','60 w. 55th st. ',` new york ',` new york city ',212/838 -2600,212-688-6525,american,` french ( classic ) ',308,40,monkey bar,60 e street,new york,2128382600,unknown,american,la cote basque,60 w. 55th street,New York City,2126886525,unknown,french
135,0,patina,` sweet lady jane ',' 5955 melrose ave. ',' 8360 melrose ave. ',` los angeles ',la,213/467 -1108,213-653-7145,californian,desserts,16,596,patina,5955 melrose avenue,Los Angeles,2134671108,16,californian,sweet lady jane,8360 melrose avenue,la,2136537145,unknown,desserts
136,0,` binion \ 's coffee shop ',` steakhouse the ',' 128 fremont st. ',' 128 e. fremont st. ',` las vegas ',` las vegas ',702/382 -1600,702-382-1600,` coffee shops/diners ',steakhouses,428,671,binions coffee shop,128 fremont street,Las Vegas,7023821600,unknown,coffee shops/diners,steakhouse,128 e fremont street,Las Vegas,7023821600,unknown,unknown
137,0,` cafe ritz-carlton buckhead ',abruzzi,' 3434 peachtree rd. ',' 2355 peachtree rd. ne ',atlanta,atlanta,404/237 -2700,404-261-8186,` ext 6108 international ',italian,89,74,ritz-carlton-buckhead,3434 peachtree road,atlanta,4042372700,unknown,international,abruzzi,2355 peachtree road ne,atlanta,4042618186,unknown,italian
138,0,` luna si ',` ritz-carlton cafe ( atlanta ) ',' 1931 peachtree rd. ',' 181 peachtree st. ',atlanta,atlanta,404/355 -5993,404-659-0400,continental,` american ( new ) ',405,711,luna si,1931 peachtree road,Atlanta,4043555993,unknown,continental,ritz-carlton cafe,181 peachtree street,Atlanta,4046590400,unknown,american
139,0,helmand,montrachet,' 430 broadway ',' 239 w. broadway ',` san francisco ',` new york city ',415/362 -0641,212-219-2777,` greek and middle eastern ',` french bistro ',479,49,helmand,430 broadway,san francisco,4153620641,unknown,greek and middle eastern,montrachet,239 west broadway,New York City,2122192777,unknown,french
140,0,` luna si ',` ritz-carlton dining room ( buckhead ) ',' 1931 peachtree rd. ',' 3434 peachtree rd. ne ',atlanta,atlanta,404/355 -5993,404-237-2700,continental,` american ( new ) ',405,90,luna si,1931 peachtree road,atlanta,4043555993,unknown,continental,ritz-carlton dining room,3434 peachtree road ne,Atlanta,4042372700,unknown,american
141,0,` moose \ 's ',` rae \ 's ',' 1652 stockton st. ',' 2901 pico blvd. ',` san francisco ',` santa monica ',415/989 -7800,310-828-7937,mediterranean,diners,498,589,mooses,1652 stockton street,San Francisco,4159897800,unknown,mediterranean,raes,2901 pico blvd,Santa Monica,3108287937,unknown,diners
142,0,march,` les celebrites ',' 405 e. 58th st. ',' 155 w. 58th st. ',` new york ',` new york city ',212/754 -6272,212-484-5113,american,` french ( classic ) ',46,42,march,405 e 58th street,New York,2127546272,unknown,american,les celebrites,155 w 58th street,New York City,2124845113,unknown,french
143,0,` dining room ritz-carlton buckhead ',` brasserie le coze ',' 3434 peachtree rd. ',' 3393 peachtree rd. ',atlanta,atlanta,404/237 -2700,404-266-1440,international,` french bistro ',90,77,dining room ritz-carlton buckhead,3434 peachtree road,atlanta,4042372700,unknown,international,brasserie le coze,3393 peachtree road,Atlanta,4042661440,unknown,french
144,0,dive !,` belvedere the ',' 10250 santa monica blvd. ',' 9882 little santa monica blvd. ',` los angeles ',` beverly hills ',310/788 -,310-788-2306,` dive american ',` pacific new wave ',128,537,dive,10250 santa monica blvd,Los Angeles,310788,unknown,american,belvedere,9882 little santa monica blvd.,Beverly Hills,3107882306,unknown,pacific new wave
145,0,` cafe ritz-carlton buckhead ',` white house restaurant ',' 3434 peachtree rd. ',' 3172 peachtree rd. ne ',atlanta,atlanta,404/237 -2700,404-237-7601,` ext 6108 international ',diners,89,719,cafe ritz-carlton buckhead,3434 peachtree road,Atlanta,4042372700,unknown,international,white house restaurant,3172 peachtree road ne,atlanta,4042377601,unknown,diners
146,0,` jean lafitte ',` les celebrites ','68 w. 58th st. ',' 155 w. 58th st. ',` new york ',` new york city ',212/751 -2323,212-484-5113,french,` french ( classic ) ',272,42,jean lafitte,68 west 58th street,new york,2127512323,unknown,french,les celebrites,155 west 58th street,new york city,2124845113,unknown,french
147,0,` teresa \ 's ',` masa \ 's ',' 103 1st ave. between 6th and 7th sts . ',' 648 bush st. ',` new york ',` san francisco ',212/228 -0604,415-989-7154,` east european ',` french ( new ) ',358,106,teresa s,103 1st avenue between 6th and 7th streets,new york,2122280604,unknown,east european,masas,648 bush street,san francisco,4159897154,unknown,french
148,0,` pacific pan pacific hotel ',mifune,' 500 post st. ',' 1737 post st. ',` san francisco ',` san francisco ',415/929 -2087,415-922-0337,french,japanese,502,107,pacific pan pacific hotel,500 post street,San Francisco,4159292087,unknown,french,mifune,1737 post street,San Francisco,4159220337,unknown,japanese
149,0,` margarita \ 's mexican cantina ',` monte carlo ',' 3120 las vegas blvd. s ',' 3145 las vegas blvd. s. ',` las vegas ',` las vegas ',702/794 -8200,702-733-4524,mexican,` french ( new ) ',444,665,margaritas mexican cantina,3120 las vegas blvd s,Las Vegas,7027948200,unknown,mexican,monte carlo,3145 las vegas blvd s,Las Vegas,7027334524,unknown,french
150,0,` palace court ',` tre visi ',' 3570 las vegas blvd. s ',' 3799 las vegas blvd. s. ',` las vegas ',` las vegas ',702/731 -7547,702-891-7331,continental,italian,70,674,palace court,3570 las vegas blvd s,Las Vegas,7027317547,unknown,continental,tre visi,3799 las vegas blvd s,Las Vegas,7028917331,unknown,italian
151,1,` second street grille ',` second street grill ',' 200 e. fremont st. ',' 200 e. fremont st. ',` las vegas ',` las vegas ',702/385 -3232,702-385-6277,seafood,` pacific rim ',71,71,second street grille,200 e fremont street,Las Vegas,7023853232,unknown,seafood,second street grill,200 e fremont street,Las Vegas,7023856277,unknown,pacific rim
152,0,` jewel of india ',picholine,'15 w. 44th st. ','35 w. 64th st. ',` new york ',` new york city ',212/869 -5544,212-724-8585,asian,mediterranean,273,53,jewel of india,15 w 44th st,new york,2128695544,unknown,asian,picholine,35 west 64th street,new york city,2127248585,unknown,mediterranean
153,0,` tommy tang \ 's ',` tommy \ 's ',' 7313 melrose ave. ',' 2575 beverly blvd. ',` los angeles ',la,213/937 -5733,213-389-9060,asian,hamburgers,167,598,tommy tangs,7313 melrose avenue,Los Angeles,2139375733,unknown,asian,tommy s,2575 beverly blvd.,la,2133899060,unknown,hamburgers
154,0,` des alpes ',` la caridad ',' 732 broadway ',' 2199 broadway ',` san francisco ',` new york city ',415/788 -9900,212-874-2780,french,cuban,468,622,des alpes,732 broadway,San Francisco,4157889900,unknown,french,la caridad,2199 broadway,New York City,2128742780,unknown,cuban
155,0,` pacific dining car ',` tu lan ',' 6th st. ',' 8 sixth st. ',` los angeles ',` san francisco ',213/483 -6000,415-626-0927,american,vietnamese,153,750,pacific dining car,6th street,los angeles,2134836000,unknown,american,tu lan,8 sixth street,San Francisco,4156260927,unknown,vietnamese
156,1,boulevard,boulevard,' 1 mission st. ',' 1 mission st. ',` san francisco ',` san francisco ',415/543 -6084,415-543-6084,american,` american ( new ) ',96,96,boulevard,1 mission street,San Francisco,4155436084,unknown,american,boulevard,1 mission street,San Francisco,4155436084,unknown,american
157,0,` tadich grill ','em erald garden restaurant ',' 240 california st. ',' 1550 california st. ',` san francisco ',` san francisco ',415/391 -2373,415-673-1155,seafood,vietnamese,519,730,tadich grill,240 california street,San Francisco,4153912373,unknown,seafood,emerald garden restaurant,1550 california street,San Francisco,4156731155,unknown,vietnamese
158,0,` luna si ',` brasserie le coze ',' 1931 peachtree rd. ',' 3393 peachtree rd. ',atlanta,atlanta,404/355 -5993,404-266-1440,continental,` french bistro ',405,77,luna si,1931 peachtree road,Atlanta,4043555993,unknown,continental,brasserie le coze,3393 peachtree road,Atlanta,4042661440,unknown,french
159,0,` ben benson \ 's ','21 club ',' 123 w. 52nd st. ','21 w. 52nd st. ',` new york ',` new york city ',212/581 -8888,212-582-7200,american,` american ( new ) ',187,23,ben benson,123 w. 52nd street,new york,2125818888,unknown,american,21 club,21 w. 52nd street,New York City,2125827200,unknown,american
160,0,'21 club ',` four seasons ','21 w. 52nd st. ','99 e. 52nd st. ',` new york ',` new york city ',212/582 -7200,212-754-9494,american,` american ( new ) ',23,34,21 club,21 w street,New York,2125827200,unknown,american,four seasons,99 e. 52nd street,New York City,2127549494,unknown,american
161,0,` ralph \ 's diner ',` madame ching \ 's ',' 3000 las vegas blvd. s ',' 3300 las vegas blvd. s. ',` las vegas ',` las vegas ',702/732 -6330,702-894-7111,` coffee shops/diners ',asian,448,662,ralphs diner,3000 las vegas blvd s,Las Vegas,7027326330,unknown,coffee shops/diners,madame ching,3300 las vegas blvd south,Las Vegas,7028947111,unknown,asian
162,0,` center stage plaza hotel ',boulevard,' 1 main st. ',' 1 mission st. ',` las vegas ',` san francisco ',702/386 -2512,415-543-6084,american,` american ( new ) ',436,96,center stage plaza hotel,1 main street,Las Vegas,7023862512,unknown,american,boulevard,1 mission street,San Francisco,4155436084,unknown,american
163,0,` pacific pan pacific hotel ',postrio,' 500 post st. ',' 545 post st. ',` san francisco ',` san francisco ',415/929 -2087,415-776-7825,french,californian,502,109,pacific pan pacific hotel,500 post street,san francisco,4159292087,unknown,french,postrio,545 post street,San Francisco,4157767825,unknown,californian
164,0,` palace court ',` spago ( las vegas ) ',' 3570 las vegas blvd. s ',' 3500 las vegas blvd. s. ',` las vegas ',` las vegas ',702/731 -7547,702-369-6300,continental,californian,70,670,palace court,3570 las vegas boulevard south,Las Vegas,7027317547,unknown,continental,spago,3500 las vegas boulevard south,Las Vegas,7023696300,unknown,californian
165,1,` hedgerose heights inn ',` hedgerose heights inn the ',' 490 e. paces ferry rd. ',' 490 e. paces ferry rd. ne ',atlanta,atlanta,404/233 -7673,404-233-7673,international,continental,82,82,hedgerose heights inn,490 e paces ferry road,Atlanta,4042337673,unknown,international,hedgerose heights inn,490 e paces ferry road ne,Atlanta,4042337673,unknown,continental
166,0,ciboulette,` heera of india ',' 1529 piedmont ave. ',' 595 piedmont ave. ',atlanta,atlanta,404/874 -7600,404-876-4408,french,indian,79,83,ciboulette,1529 piedmont avenue,Atlanta,4048747600,unknown,french,heera of india,595 piedmont avenue,atlanta,4048764408,unknown,indian
167,0,bistango,` ritz-carlton cafe ( atlanta ) ',' 1100 peachtree st. ',' 181 peachtree st. ',atlanta,atlanta,404/724 -0901,404-659-0400,mediterranean,` american ( new ) ',386,711,bistango,1100 peachtree street,atlanta,4047240901,unknown,mediterranean,ritz-carlton cafe,181 peachtree street,Atlanta,4046590400,unknown,american
168,0,` the bacchanal ',` michael \ 's ( las vegas ) ',' 3570 las vegas blvd. s ',' 3595 las vegas blvd. s. ',` las vegas ',` las vegas ',702/731 -7525,702-737-7111,` only in las vegas ',continental,449,664,bacchanal,3570 las vegas boulevard south,Las Vegas,7027317525,unknown,unknown,michael s,3595 las vegas blvd s,Las Vegas,7027377111,unknown,continental
169,0,` second street grille ',` hugo \ 's cellar ',' 200 e. fremont st. ',' 202 e. fremont st. ',` las vegas ',` las vegas ',702/385 -3232,702-385-4011,seafood,continental,71,661,second street grille,200 e fremont st,Las Vegas,7023853232,unknown,seafood,hugo cellar,202 e fremont street,Las Vegas,7023854011,unknown,continental
170,0,` the bacchanal ',` chin \ 's ',' 3570 las vegas blvd. s ',' 3200 las vegas blvd. s. ',` las vegas ',` las vegas ',702/731 -7525,702-733-8899,` only in las vegas ',chinese,449,67,bacchanal,3570 las vegas blvd s,las vegas,7027317525,unknown,unknown,chins,3200 las vegas blvd s,las vegas,7027338899,unknown,chinese
171,0,` shun lee west ',` la caravelle ','43 w. 65th st. ','33 w. 55th st. ',` new york ',` new york city ',212/371 -8844,212-586-4252,asian,` french ( classic ) ',60,39,shun lee west,43 w. 65th street,new york,2123718844,60,asian,la caravelle,33 w. 55th street,new york city,2125864252,unknown,french
172,0,` tommy tang \ 's ',` sweet lady jane ',' 7313 melrose ave. ',' 8360 melrose ave. ',` los angeles ',la,213/937 -5733,213-653-7145,asian,desserts,167,596,tommy tangs,7313 melrose avenue,Los Angeles,2139375733,unknown,asian,sweet lady jane,8360 melrose avenue,la,2136537145,unknown,desserts
173,0,` luna si ',` georgia grille ',' 1931 peachtree rd. ',' 2290 peachtree rd. ',atlanta,atlanta,404/355 -5993,404-352-3517,continental,southwestern,405,81,luna si,1931 peachtree road,Atlanta,4043555993,unknown,continental,georgia grille,2290 peachtree road,Atlanta,4043523517,unknown,southwestern
174,0,` ca \ ` brea ',campanile,' 346 s. la brea ave. ',' 624 s. la brea ave. ',` los angeles ',` los angeles ',213/938 -2863,213-938-1447,italian,californian,118,4,ca brea,346 s la brea avenue,los angeles,2139382863,unknown,italian,campanile,624 s la brea avenue,Los Angeles,2139381447,unknown,californian
175,0,` canter \ 's ',` mani \ 's bakery & espresso bar ',' 419 n. fairfax ave. ',' 519 s. fairfax ave. ',` los angeles ',la,213/651 -2030 .,213-938-8800,american,desserts,122,574,canters,419 n fairfax avenue,los angeles,2136512030,unknown,american,,,,,,
176,0,` ben benson \ 's ',` la grenouille ',' 123 w. 52nd st. ',' 3 e. 52nd st. ',` new york ',` new york city ',212/581 -8888,212-752-1495,american,` french ( classic ) ',187,623,ben benson,123 w 52nd street,New York,2125818888,unknown,american,la grenouille,3 e 52nd street,new york city,2127521495,unknown,french
177,0,follonico,` roosevelt tamale parlor ',' 6 w. 24th st. ',' 2817 24th st. ',` new york ',` san francisco ',212/691 -6359,415-550-9213,italian,mexican,247,742,follonico,6 w 24th street,New York,2126916359,unknown,italian,roosevelt tamale parlor,2817 24th street,San Francisco,4155509213,unknown,mexican
178,0,` cafe roma ',` michael \ 's ( las vegas ) ',' 3570 las vegas blvd. s ',' 3595 las vegas blvd. s. ',` las vegas ',` las vegas ',702/731 -7547,702-737-7111,` coffee shops/diners ',continental,433,664,cafe roma,3570 las vegas blvd south,las vegas,7027317547,unknown,coffee shops/diners,michaels,3595 las vegas blvd s,las vegas,7027377111,unknown,continental
179,0,` ralph \ 's diner ',` palace court ',' 3000 las vegas blvd. s ',' 3570 las vegas blvd. s. ',` las vegas ',` las vegas ',702/732 -6330,702-731-7110,` coffee shops/diners ',` french ( new ) ',448,70,ralphs diner,3000 las vegas blvd s,Las Vegas,7027326330,unknown,coffee shops diners,palace court,3570 las vegas blvd s,las vegas,7027317110,unknown,french
180,0,` bugsy \ 's diner ',` buccaneer bay club ',' 3555 las vegas blvd. s ',' 3300 las vegas blvd. s. ',` las vegas ',` las vegas ',702/733 -3111,702-894-7350,` coffee shops/diners ',continental,431,657,bugsys diner,3555 las vegas boulevard south,Las Vegas,7027333111,unknown,coffee shops/diners,buccaneer bay club,3300 las vegas boulevard south,Las Vegas,7028947350,unknown,continental
181,0,mikado,` palace court ',' 3400 las vegas blvd. s ',' 3570 las vegas blvd. s. ',` las vegas ',` las vegas ',702/791 -7111,702-731-7110,asian,` french ( new ) ',446,70,mikado,3400 las vegas blvd s,Las Vegas,7027917111,unknown,asian,palace court,3570 las vegas blvd s,Las Vegas,7027317110,unknown,french
182,0,'em press court ',` tre visi ',' 3570 las vegas blvd. s ',' 3799 las vegas blvd. s. ',` las vegas ',` las vegas ',702/731 -7888,702-891-7331,asian,italian,438,674,em press court,3570 las vegas boulevard south,las vegas,7027317888,unknown,asian,tre visi,3799 las vegas boulevard south,Las Vegas,7028917331,unknown,italian
183,0,tomtom,abruzzi,' 3393 peachtree rd. ',' 2355 peachtree rd. ne ',atlanta,atlanta,404/264 -1163,404-261-8186,continental,italian,422,74,tomtom,3393 peachtree road,atlanta,4042641163,unknown,continental,abruzzi,2355 peachtree road northeast,Atlanta,4042618186,unknown,italian
184,1,` plumpjack cafe ',` plumpjack cafe ',' 3201 fillmore st. ',' 3127 fillmore st. ',` san francisco ',` san francisco ',415/563 -4755,415-563-4755,mediterranean,` american ( new ) ',108,108,plumpjack cafe,3201 fillmore street,San Francisco,4155634755,unknown,mediterranean,plumpjack cafe,3127 fillmore street,San Francisco,4155634755,unknown,american
185,0,` drai \ 's ',` l \ ` orangerie ',' 730 n. la cienega blvd. ',' 903 n. la cienega blvd. ',` los angeles ',` w. hollywood ',310/358 -8585,310-652-9770,french,` french ( classic ) ',130,11,drai s,730 n la cienega blvd,Los Angeles,3103588585,unknown,french,orangerie,903 n la cienega blvd,W. Hollywood,3106529770,unknown,french
186,0,` mary mac \ 's tea room ',eats,' 224 ponce de leon ave. ',' 600 ponce de leon ave. ',atlanta,atlanta,404/876 -1800,404-888-9149,southern,italian,86,690,mary macs tea room,224 ponce de leon avenue,Atlanta,4048761800,unknown,southern,eats,600 ponce de leon avenue,Atlanta,4048889149,unknown,italian
187,0,` bally \ 's big kitchen ','em eril \ 's new orleans fish house ',' 3645 las vegas blvd. s ',' 3799 las vegas blvd. s. ',` las vegas ',` las vegas ',702/739 -4111,702-891-7374,buffets,seafood,424,659,ballys big kitchen,3645 las vegas blvd s,las vegas,7027394111,unknown,buffets,em erils new orleans fish house,3799 las vegas boulevard south,las vegas,7028917374,unknown,seafood
188,0,lutece,felidia,' 249 e. 50th st. ',' 243 e. 58th st. ',` new york ',` new york city ',212/752 -2225,212-758-1479,french,italian,44,33,lutece,249 e 50th street,New York,2127522225,unknown,french,felidia,243 e. 58th street,new york city,2127581479,unknown,italian
