id,label,left_name,right_name,left_addr,right_addr,left_city,right_city,left_phone,right_phone,left_category,right_category,left_class,right_class
0,0,toulouse,` white house restaurant ',' b peachtree rd. ',' 3172 peachtree rd. ne ',atlanta,atlanta,404/351 -9533,404-237-7601,french,diners,92,719
1,0,` gallagher \ 's ',` la grenouille ',' 228 w. 52nd st. ',' 3 e. 52nd st. ',` new york ',` new york city ',212/245 -5336,212-752-1495,american,` french ( classic ) ',254,623
2,0,` center stage plaza hotel ',` chinois on main ',' 1 main st. ',' 2709 main st. ',` las vegas ',` santa monica ',702/386 -2512,310-392-9025,american,` pacific new wave ',436,5
3,0,` sa tsu ki ',` havana sandwich shop ',' 3043 buford hwy . ',' 2905 buford hwy . ',atlanta,atlanta,404/325 -5285,404-636-4094,asian,cuban,415,695
4,0,` pinot bistro ',` mulberry st. ',' 12969 ventura blvd. ',' 17040 ventura blvd. ',` los angeles ',encino,818/990 -0500,818-906-8881,french,pizza,18,580
5,0,` china grill ',seryna,'60 w. 53rd st. ','11 e. 53rd st. ',` new york ',` new york city ',212/333 -7788,212-980-9393,american,japanese,219,59
6,0,lespinasse,` la caravelle ',' 2 e. 55th st. ','33 w. 55th st. ',` new york ',` new york city ',212/339 -6719,212-586-4252,american,` french ( classic ) ',43,39
7,0,` tang pavillion ',menchanko-tei,'65 w. 55th st. ','39 w. 55th st. ',` new york ',` new york city ',212/956 -6888,212-247-1585,asian,japanese,356,627
8,0,aquavit,oceana,'13 w. 54th st. ','55 e. 54th st. ',` new york ',` new york city ',212/307 -7311,212-759-5941,continental,seafood,24,50
9,0,abbey,eats,' 163 ponce de leon ave. ',' 600 ponce de leon ave. ',atlanta,atlanta,404/876 -8532,404-888-9149,international,italian,379,690
10,0,` fifty seven fifty seven ',oceana,'57 e. 57th st. ','55 e. 54th st. ',` new york ',` new york city ',212/758 -5757,212-759-5941,american,seafood,239,50
11,0,` grand cafe hotel monaco ',` mel \ 's drive-in ',' 501 geary st. ',' 3355 geary st. ',` san francisco ',` san francisco ',415/292 -0101,415-387-2244,american,hamburgers,473,739
12,0,` horseradish grill ',` carey \ 's corner ',' 4320 powers ferry rd. ',' 1215 powers ferry rd. ',atlanta,marietta,404/255 -7277,770-933-0909,southern,hamburgers,398,686
13,0,` luna si ',` original pancake house ( at ) ',' 1931 peachtree rd. ',' 4330 peachtree rd. ',atlanta,atlanta,404/355 -5993,404-237-4116,continental,american,405,708
14,0,bruno,` les celebrites ',' 240 e. 58th st. ',' 155 w. 58th st. ',` new york ',` new york city ',212/688 -4190,212-484-5113,italian,` french ( classic ) ',195,42
15,0,eclipse,` mo better meatty meat ',' 8800 melrose ave. ',' 7261 melrose ave. ',` los angeles ',la,310/724 -5959,213-935-5280,californian,hamburgers,132,579
16,0,` pacific dining car ',` andre \ 's french restaurant ',' 6th st. ',' 401 s. 6th st. ',` los angeles ',` las vegas ',213/483 -6000,702-385-5016,american,` french ( classic ) ',153,656
17,1,` rainbow room ',` rainbow room ','30 rockefeller plaza ','30 rockefeller plaza ',` new york ',` new york city ',212/632 -5000,212-632-5000,` or 212/632 -5100 american ',` american ( new ) ',55,55
18,1,` cafe claude ',` cafe claude ',' 7 claude la . ',' 7 claude ln . ',` san francisco ',` san francisco ',415/392 -3505,415-392-3505,french,` french bistro ',97,97
19,0,` yolie \ 's ',` nicky blair \ 's ',' 3900 paradise rd. ',' 3925 paradise rd. ',` las vegas ',` las vegas ',702/794 -0700,702-792-9900,` steak houses ',italian,452,668
20,0,` heera of india ',` rose of india ',' 595 piedmont ave. rio shopping mall ',' 308 e. sixth st. ',atlanta,` new york city ',404/876 -4408,212-533-5011,asian,indian,83,638
21,0,` l \ ` osteria del forno ',` campo santo ',' 519 columbus ave. ',' 240 columbus ave. ',` san francisco ',` san francisco ',415/982 -1124,415-433-9623,italian,mexican,490,724
22,0,` bertolini \ 's ',moongate,' 3570 las vegas blvd. s ',' 3400 las vegas blvd. s. ',` las vegas ',` las vegas ',702/735 -4663,702-791-7352,italian,chinese,427,666
23,0,maykadeh,` greenwood \ 's ',' 470 green st. ',' 1087 green st. ',` san francisco ',roswell,415/362 -8286,770-992-5383,` greek and middle eastern ',southern/soul,495,693
24,0,dawat,petrossian,' 210 e. 58th st. ',' 182 w. 58th st. ',` new york ',` new york city ',212/355 -7555,212-245-2214,asian,russian,32,52
25,0,` the bacchanal ',` steak house the ',' 3570 las vegas blvd. s ',' 2880 las vegas blvd. s. ',` las vegas ',` las vegas ',702/731 -7525,702-734-0410,` only in las vegas ',steakhouses,449,72
26,0,posto,` rubin \ 's red hots ',' 14928 ventura blvd. ',' 15322 ventura blvd. ',` sherman oaks ',encino,818/784 -4400,818-905-6515,italian,` hot dogs ',156,590
27,0,` antonio \ 's ',` buzio \ 's in the rio ',' 3700 w. flamingo ',' 3700 w. flamingo rd. ',` las vegas ',` las vegas ',702/252 -7737,702-252-7697,italian,seafood,423,658
28,0,` ruth \ 's chris ',` le bernardin ',' 148 w. 51st st. ',' 155 w. 51st st. ',` new york ',` new york city ',212/245 -9600,212-489-1515,american,seafood,338,41
29,0,` tommy tang \ 's ',patina,' 7313 melrose ave. ',' 5955 melrose ave. ',` los angeles ',` los angeles ',213/937 -5733,213-467-1108,asian,californian,167,16
30,0,` circus circus ',` sterling brunch ',' 2880 las vegas blvd. s ',' 3645 las vegas blvd. s. ',` las vegas ',` las vegas ',702/734 -0410,702-739-4651,buffets,eclectic,437,673
31,0,` l \ ` orangerie ',matsuhisa,' 903 n. la cienega blvd. ',' 129 n. la cienega blvd. ',` los angeles ',` beverly hills ',310/652 -9770,310-659-9639,french,seafood,11,14
32,0,vong,` sparks steak house ',' 200 e. 54th st. ',' 210 e. 46th st. ',` new york ',` new york city ',212/486 -9592,212-687-4855,american,steakhouses,373,641
33,0,` margarita \ 's mexican cantina ',` steak house the ',' 3120 las vegas blvd. s ',' 2880 las vegas blvd. s. ',` las vegas ',` las vegas ',702/794 -8200,702-734-0410,mexican,steakhouses,444,72
34,0,` dining room ritz-carlton buckhead ',` palm the ( atlanta ) ',' 3434 peachtree rd. ',' 3391 peachtree rd. ne ',atlanta,atlanta,404/237 -2700,404-814-1955,international,steakhouses,90,709
35,0,` dante \ 's down the hatch buckhead ',abruzzi,' 3380 peachtree rd. ',' 2355 peachtree rd. ne ',atlanta,atlanta,404/266 -1600,404-261-8186,continental,italian,393,74
36,0,helmand,` la caridad ',' 430 broadway ',' 2199 broadway ',` san francisco ',` new york city ',415/362 -0641,212-874-2780,` greek and middle eastern ',cuban,479,622
37,0,` ralph \ 's diner ',` tre visi ',' 3000 las vegas blvd. s ',' 3799 las vegas blvd. s. ',` las vegas ',` las vegas ',702/732 -6330,702-891-7331,` coffee shops/diners ',italian,448,674
38,0,` yoyo tsumami bistro ',postrio,' 1611 post st. ',' 545 post st. ',` san francisco ',` san francisco ',415/922 -7788,415-776-7825,french,californian,530,109
39,1,seryna,seryna,'11 e. 53rd st. ','11 e. 53rd st. ',` new york ',` new york city ',212/980 -9393,212-980-9393,asian,japanese,59,59
40,0,` luna si ',` brookhaven cafe ',' 1931 peachtree rd. ',' 4274 peachtree rd. ',atlanta,atlanta,404/355 -5993,404-231-5907,continental,vegetarian,405,682
41,0,mikado,` monte carlo ',' 3400 las vegas blvd. s ',' 3145 las vegas blvd. s. ',` las vegas ',` las vegas ',702/791 -7111,702-733-4524,asian,` french ( new ) ',446,665
42,0,bistro,moongate,' 3400 las vegas blvd. s ',' 3400 las vegas blvd. s. ',` las vegas ',` las vegas ',702/791 -7111,702-791-7352,continental,chinese,429,666
43,0,` cafe fes ',` cafe flore ',' 246 w. 4th st. at charles st. ',' 2298 market st. ',` new york ',` san francisco ',212/924 -7653,415-621-8579,mediterranean,californian,205,722
44,0,mikado,` sterling brunch ',' 3400 las vegas blvd. s ',' 3645 las vegas blvd. s. ',` las vegas ',` las vegas ',702/791 -7111,702-739-4651,asian,eclectic,446,673
45,0,` pinot bistro ',` rubin \ 's red hots ',' 12969 ventura blvd. ',' 15322 ventura blvd. ',` los angeles ',encino,818/990 -0500,818-905-6515,french,` hot dogs ',18,590
46,1,` masa \ 's ',` masa \ 's ',' 648 bush st. ',' 648 bush st. ',` san francisco ',` san francisco ',415/989 -7154,415-989-7154,french,` french ( new ) ',106,106
47,0,'em press court ',` spago ( las vegas ) ',' 3570 las vegas blvd. s ',' 3500 las vegas blvd. s. ',` las vegas ',` las vegas ',702/731 -7888,702-369-6300,asian,californian,438,670
48,1,` mesa grill ',` mesa grill ',' 102 5th ave. between 15th and 16th sts . ',' 102 fifth ave. ',` new york ',` new york city ',212/807 -7400,212-807-7400,american,southwestern,47,47
49,0,` chin \ 's ',` michael \ 's ( las vegas ) ',' 3200 las vegas blvd. s ',' 3595 las vegas blvd. s. ',` las vegas ',` las vegas ',702/733 -8899,702-737-7111,asian,continental,67,664
50,0,patina,` mo better meatty meat ',' 5955 melrose ave. ',' 7261 melrose ave. ',` los angeles ',la,213/467 -1108,213-935-5280,californian,hamburgers,16,579
51,0,triangolo,` cafe lalo ',' 345 e. 83rd st. ',' 201 w. 83rd st. ',` new york ',` new york city ',212/472 -4488,212-496-6031,italian,coffeehouses,363,26
52,0,` gilliland \ 's ',` chinois on main ',' 2424 main st. ',' 2709 main st. ',` santa monica ',` santa monica ',310/392 -3901,310-392-9025,american,` pacific new wave ',135,5
53,1,` nikolai \ 's roof ',` nikolai \ 's roof ',' 255 courtland st. at harris st. ',' 255 courtland st. ',atlanta,atlanta,404/221 -6362,404-221-6362,continental,continental,87,87
54,0,dawat,` sparks steak house ',' 210 e. 58th st. ',' 210 e. 46th st. ',` new york ',` new york city ',212/355 -7555,212-687-4855,asian,steakhouses,32,641
55,1,` le bernardin ',` le bernardin ',' 155 w. 51st st. ',' 155 w. 51st st. ',` new york ',` new york city ',212/489 -1515,212-489-1515,french,seafood,41,41
56,0,faz,` fleur de lys ',' 161 sutter st. ',' 777 sutter st. ',` san francisco ',` san francisco ',415/362 -0404,415-673-7779,` greek and middle eastern ',` french ( new ) ',469,100
57,0,` veni vidi vici ',` bobby & june \ 's kountry kitchen ','41 14th st. ',' 375 14th st. ',atlanta,atlanta,404/875 -8424,404-876-3872,italian,southern/soul,93,680
58,0,mikado,` spago ( las vegas ) ',' 3400 las vegas blvd. s ',' 3500 las vegas blvd. s. ',` las vegas ',` las vegas ',702/791 -7111,702-369-6300,asian,californian,446,670
59,0,cite,` le bernardin ',' 120 w. 51st st. ',' 155 w. 51st st. ',` new york ',` new york city ',212/956 -7100,212-489-1515,french,seafood,220,41
60,1,oceana,oceana,'55 e. 54th st. ','55 e. 54th st. ',` new york ',` new york city ',212/759 -5941,212-759-5941,seafood,seafood,50,50
61,0,toulouse,` original pancake house ( at ) ',' b peachtree rd. ',' 4330 peachtree rd. ',atlanta,atlanta,404/351 -9533,404-237-4116,french,american,92,708
62,0,` cafe roma ',` steak house the ',' 3570 las vegas blvd. s ',' 2880 las vegas blvd. s. ',` las vegas ',` las vegas ',702/731 -7547,702-734-0410,` coffee shops/diners ',steakhouses,433,72
63,0,manora,boulevard,' 3226 mission st. ',' 1 mission st. ',` san francisco ',` san francisco ',415/861 -6224,415-543-6084,asian,` american ( new ) ',494,96
64,0,` canter \ 's ',` carey \ 's ',' 419 n. fairfax ave. ',' 1021 cobb pkwy . se ',` los angeles ',marietta,213/651 -2030 .,770-422-8042,american,hamburgers,122,685
65,0,` hong kong villa ',` alain rondelli ',' 2332 clement st. ',' 126 clement st. ',` san francisco ',` san francisco ',415/752 -8833,415-387-0408,asian,` french ( new ) ',481,94
66,0,mikado,` coyote cafe ( las vegas ) ',' 3400 las vegas blvd. s ',' 3799 las vegas blvd. s. ',` las vegas ',` las vegas ',702/791 -7111,702-891-7349,asian,southwestern,446,68
67,0,` bertolini \ 's ',` sterling brunch ',' 3570 las vegas blvd. s ',' 3645 las vegas blvd. s. ',` las vegas ',` las vegas ',702/735 -4663,702-739-4651,italian,eclectic,427,673
68,0,helmand,` gray \ 's papaya ',' 430 broadway ',' 2090 broadway ',` san francisco ',` new york city ',415/362 -0641,212-799-0243,` greek and middle eastern ',` hot dogs ',479,614
69,0,` cafe roma ',moongate,' 3570 las vegas blvd. s ',' 3400 las vegas blvd. s. ',` las vegas ',` las vegas ',702/731 -7547,702-791-7352,` coffee shops/diners ',chinese,433,666
70,0,` jack \ 's ',` joe \ 's ',' 615 sacramento st. ',' 1023 abbot kinney blvd. ',` san francisco ',venice,415/986 -9854,310-399-5811,` old san francisco ',` american ( new ) ',485,560
71,0,` dining room ritz-carlton buckhead ',` original pancake house ( at ) ',' 3434 peachtree rd. ',' 4330 peachtree rd. ',atlanta,atlanta,404/237 -2700,404-237-4116,international,american,90,708
72,0,lutece,` lespinasse ( new york city ) ',' 249 e. 50th st. ',' 2 e. 55th st. ',` new york ',` new york city ',212/752 -2225,212-339-6719,french,asian,44,43
73,0,'em press court ',` madame ching \ 's ',' 3570 las vegas blvd. s ',' 3300 las vegas blvd. s. ',` las vegas ',` las vegas ',702/731 -7888,702-894-7111,asian,asian,438,662
74,0,` mary mac \ 's tea room ',tortillas,' 224 ponce de leon ave. ',' 774 ponce de leon ave. ne ',atlanta,atlanta,404/876 -1800,404-892-0193,southern,tex-mex,86,716
75,0,valentino,` rae \ 's ',' 3115 pico blvd. ',' 2901 pico blvd. ',` santa monica ',` santa monica ',310/829 -4313,310-828-7937,italian,diners,21,589
76,0,lulu,` hamburger mary \ 's ',' 816 folsom st. ',' 1582 folsom st. ',` san francisco ',` san francisco ',415/495 -5775,415-626-1985,mediterranean,hamburgers,105,732
77,0,tomtom,` white house restaurant ',' 3393 peachtree rd. ',' 3172 peachtree rd. ne ',atlanta,atlanta,404/264 -1163,404-237-7601,continental,diners,422,719
78,0,` broadway deli ',` benita \ 's frites ',' 3rd st. promenade ',' 1433 third st. promenade ',` santa monica ',` santa monica ',310/451 -0616,310-458-2889,american,` fast food ',117,538
79,0,bistro,'em eril \ 's new orleans fish house ',' 3400 las vegas blvd. s ',' 3799 las vegas blvd. s. ',` las vegas ',` las vegas ',702/791 -7111,702-891-7374,continental,seafood,429,659
80,0,` pano \ 's and paul \ 's ',canoe,' 1232 w. paces ferry rd. ',' 4199 paces ferry rd. ',atlanta,atlanta,404/261 -3662,770-432-2663,international,` american ( new ) ',88,684
81,0,tomtom,` ritz-carlton dining room ( buckhead ) ',' 3393 peachtree rd. ',' 3434 peachtree rd. ne ',atlanta,atlanta,404/264 -1163,404-237-2700,continental,` american ( new ) ',422,90
82,0,vong,` second street grill ',' 200 e. 54th st. ',' 200 e. fremont st. ',` new york ',` las vegas ',212/486 -9592,702-385-6277,american,` pacific rim ',373,71
83,0,` hedgerose heights inn ',` pano \ 's & paul \ 's ',' 490 e. paces ferry rd. ',' 1232 w. paces ferry rd. ',atlanta,atlanta,404/233 -7673,404-261-3662,international,` american ( new ) ',82,88
84,0,` ritz-carlton restaurant and dining room ',` ritz-carlton restaurant ',' 600 stockton st. ',' 181 peachtree st. ',` san francisco ',atlanta,415/296 -7465,404-659-0400,american,` french ( classic ) ',110,91
85,0,` cafe roma ',` morton \ 's of chicago ( las vegas ) ',' 3570 las vegas blvd. s ',' 3200 las vegas blvd. s. ',` las vegas ',` las vegas ',702/731 -7547,702-893-0703,` coffee shops/diners ',steakhouses,433,667
86,0,` fleur de jour ',` fleur de lys ',' 348 e. 62nd st. ',' 777 sutter st. ',` new york ',` san francisco ',212/355 -2020,415-673-7779,` coffee bar ',` french ( new ) ',245,100
87,0,` dix et sept ',petrossian,' 181 w. 10th st. ',' 182 w. 58th st. ',` new york ',` new york city ',212/645 -8023,212-245-2214,french,russian,228,52
88,0,` jimmy \ 's ',` tommy \ 's ',' 201 moreno dr. ',' 2575 beverly blvd. ',` los angeles ',la,310/552 -2394,213-389-9060,continental,hamburgers,142,598
89,0,petrossian,` les celebrites ',' 182 w. 58th st. ',' 155 w. 58th st. ',` new york ',` new york city ',212/245 -2214,212-484-5113,french,` french ( classic ) ',52,42
90,0,aqua,'em erald garden restaurant ',' 252 california st. ',' 1550 california st. ',` san francisco ',` san francisco ',415/956 -9662,415-673-1155,seafood,vietnamese,95,730
91,0,eclipse,` sweet lady jane ',' 8800 melrose ave. ',' 8360 melrose ave. ',` los angeles ',la,310/724 -5959,213-653-7145,californian,desserts,132,596
92,0,` dining room ritz-carlton buckhead ',` la grotta ',' 3434 peachtree rd. ',' 2637 peachtree rd. ne ',atlanta,atlanta,404/237 -2700,404-231-1368,international,italian,90,85
93,0,` victor \ 's cafe ','21 club ','52 236 w. 52nd st. ','21 w. 52nd st. ',` new york ',` new york city ',212/586 -7714,212-582-7200,` latin american ',` american ( new ) ',371,23
94,0,` steak house ',` spago ( las vegas ) ',' 2880 las vegas blvd. s ',' 3500 las vegas blvd. s. ',` las vegas ',` las vegas ',702/734 -0410,702-369-6300,` steak houses ',californian,72,670
95,1,valentino,valentino,' 3115 pico blvd. ',' 3115 pico blvd. ',` santa monica ',` santa monica ',310/829 -4313,310-829-4313,italian,italian,21,21
96,0,` sarabeth \ 's kitchen ',` sarabeth \ 's ',' 423 amsterdam ave. between 80th and 81st sts . ',' 1295 madison ave. ',` new york ',` new york city ',212/496 -6280,212-410-7335,american,american,344,640
97,1,` river cafe ',` river cafe ',' 1 water st. at the east river ',' 1 water st. ',brooklyn,brooklyn,718/522 -5200,718-522-5200,american,` american ( new ) ',56,56
98,1,` la grotta ',` la grotta ',' 2637 peachtree rd. . peachtree house condominium ',' 2637 peachtree rd. ne ',atlanta,atlanta,404/231 -1368,404-231-1368,italian,italian,85,85
99,0,bistro,` steak house the ',' 3400 las vegas blvd. s ',' 2880 las vegas blvd. s. ',` las vegas ',` las vegas ',702/791 -7111,702-734-0410,continental,steakhouses,429,72
100,0,` ralph \ 's diner ',` spago ( las vegas ) ',' 3000 las vegas blvd. s ',' 3500 las vegas blvd. s. ',` las vegas ',` las vegas ',702/732 -6330,702-369-6300,` coffee shops/diners ',californian,448,670
101,0,'em press court ',` steak house the ',' 3570 las vegas blvd. s ',' 2880 las vegas blvd. s. ',` las vegas ',` las vegas ',702/731 -7888,702-734-0410,asian,steakhouses,438,72
102,0,` cafe bizou ',` art \ 's deli ',' 14016 ventura blvd. ',' 12224 ventura blvd. ',` sherman oaks ',` studio city ',818/788 -3536,818-762-1221,french,delis,3,1
103,1,` union square cafe ',` union square cafe ','21 e. 16th st. ','21 e. 16th st. ',` new york ',` new york city ',212/243 -4020,212-243-4020,american,` american ( new ) ',65,65
104,0,` taste of new orleans ',` ritz-carlton restaurant ',' 889 w. peachtree st. ',' 181 peachtree st. ',atlanta,atlanta,404/874 -5535,404-659-0400,southern,` french ( classic ) ',421,91
105,0,` taste of new orleans ',` alon \ 's at the terrace ',' 889 w. peachtree st. ',' 659 peachtree st. ',atlanta,atlanta,404/874 -5535,404-724-0444,southern,sandwiches,421,676
106,0,mikado,` morton \ 's of chicago ( las vegas ) ',' 3400 las vegas blvd. s ',' 3200 las vegas blvd. s. ',` las vegas ',` las vegas ',702/791 -7111,702-893-0703,asian,steakhouses,446,667
107,0,` chin \ 's ',` coyote cafe ( las vegas ) ',' 3200 las vegas blvd. s ',' 3799 las vegas blvd. s. ',` las vegas ',` las vegas ',702/733 -8899,702-891-7349,asian,southwestern,67,68
108,0,` l \ ` orangerie ',` arnie morton \ 's of chicago ',' 903 n. la cienega blvd. ',' 435 s. la cienega blvd. ',` los angeles ',` los angeles ',310/652 -9770,310-246-1501,french,steakhouses,11,0
109,0,` coyote cafe ',` steak house the ',' 3799 las vegas blvd. s ',' 2880 las vegas blvd. s. ',` las vegas ',` las vegas ',702/891 -7349,702-734-0410,southwestern,steakhouses,68,72
110,0,` bally \ 's big kitchen ',` sterling brunch ',' 3645 las vegas blvd. s ',' 3645 las vegas blvd. s. ',` las vegas ',` las vegas ',702/739 -4111,702-739-4651,buffets,eclectic,424,673
111,0,'em press court ',` michael \ 's ( las vegas ) ',' 3570 las vegas blvd. s ',' 3595 las vegas blvd. s. ',` las vegas ',` las vegas ',702/731 -7888,702-737-7111,asian,continental,438,664
112,0,posto,` cafe bizou ',' 14928 ventura blvd. ',' 14016 ventura blvd. ',` sherman oaks ',` sherman oaks ',818/784 -4400,818-788-3536,italian,` french bistro ',156,3
113,0,` island spice ',` virgil \ 's real bbq ',' 402 w. 44th st. ',' 152 w. 44th st. ',` new york ',` new york city ',212/765 -1737,212-921-9494,` tel caribbean ',bbq,37,66
114,0,` beesley \ 's of buckhead ',riviera,' 260 e. paces ferry road ',' 519 e. paces ferry rd. ',atlanta,atlanta,404/264 -1334,404-262-7112,continental,mediterranean,384,712
115,0,petrossian,march,' 182 w. 58th st. ',' 405 e. 58th st. ',` new york ',` new york city ',212/245 -2214,212-754-6272,french,` american ( new ) ',52,46
116,0,march,` wollensky \ 's grill ',' 405 e. 58th st. ',' 205 e. 49th st. ',` new york ',` new york city ',212/754 -6272,212-753-0444,american,steakhouses,46,653
117,0,tomtom,` palm the ( atlanta ) ',' 3393 peachtree rd. ',' 3391 peachtree rd. ne ',atlanta,atlanta,404/264 -1163,404-814-1955,continental,steakhouses,422,709
118,0,joss,` duke \ 's ',' 9255 sunset blvd. ',' 8909 sunset blvd. ',` los angeles ',` w. hollywood ',310/276 -1886,310-652-3100,asian,` coffee shops ',143,551
119,0,bistro,` buccaneer bay club ',' 3400 las vegas blvd. s ',' 3300 las vegas blvd. s. ',` las vegas ',` las vegas ',702/791 -7111,702-894-7350,continental,continental,429,657
120,0,` rose pistola ',` caffe greco ',' 532 columbus ave. ',' 423 columbus ave. ',` san francisco ',` san francisco ',415/399 -0499,415-397-6261,italian,continental,111,723
121,0,patina,` le chardonnay ( los angeles ) ',' 5955 melrose ave. ',' 8284 melrose ave. ',` los angeles ',` los angeles ',213/467 -1108,213-655-8880,californian,` french bistro ',16,12
122,0,` bertolini \ 's ',` michael \ 's ( las vegas ) ',' 3570 las vegas blvd. s ',' 3595 las vegas blvd. s. ',` las vegas ',` las vegas ',702/735 -4663,702-737-7111,italian,continental,427,664
123,0,` tang pavillion ',` la cote basque ','65 w. 55th st. ','60 w. 55th st. ',` new york ',` new york city ',212/956 -6888,212-688-6525,asian,` french ( classic ) ',356,40
124,0,` coyote cafe ',` chin \ 's ',' 3799 las vegas blvd. s ',' 3200 las vegas blvd. s. ',` las vegas ',` las vegas ',702/891 -7349,702-733-8899,southwestern,chinese,68,67
125,0,` dante \ 's down the hatch buckhead ',` brookhaven cafe ',' 3380 peachtree rd. ',' 4274 peachtree rd. ',atlanta,atlanta,404/266 -1600,404-231-5907,continental,vegetarian,393,682
126,0,` water club ',lutece,' 500 e. 30th st. ',' 249 e. 50th st. ',` new york ',` new york city ',212/683 -3333,212-752-2225,american,` french ( classic ) ',374,44
127,0,` cafe roma ',` madame ching \ 's ',' 3570 las vegas blvd. s ',' 3300 las vegas blvd. s. ',` las vegas ',` las vegas ',702/731 -7547,702-894-7111,` coffee shops/diners ',asian,433,662
128,0,` bone \ 's ',soto,' 3130 piedmont road ',' 3330 piedmont rd. ',atlanta,atlanta,404/237 -2663,404-233-2005,american,japanese,76,714
129,0,` l \ ` absinthe ',` cafe des artistes ',' 227 e. 67th st. ',' 1 w. 67th st. ',` new york ',` new york city ',212/794 -4950,212-877-3500,french,` french ( classic ) ',277,27
130,0,` luna si ',` white house restaurant ',' 1931 peachtree rd. ',' 3172 peachtree rd. ne ',atlanta,atlanta,404/355 -5993,404-237-7601,continental,diners,405,719
131,0,bruno,march,' 240 e. 58th st. ',' 405 e. 58th st. ',` new york ',` new york city ',212/688 -4190,212-754-6272,italian,` american ( new ) ',195,46
132,0,` carnival world ','till erman the ',' 3700 w. flamingo rd. ',' 2245 e. flamingo rd. ',` las vegas ',` las vegas ',702/252 -7777,702-731-4036,buffets,steakhouses,435,73
133,0,` cafe bianco ',` cafe blanc ',' 1486 2nd ave. between 77th and 78th sts . ',' 9777 little santa monica blvd. ',` new york ',` beverly hills ',212/988 -2655,310-888-0108,` coffee bar ',` pacific new wave ',199,546
134,0,` palace court ',moongate,' 3570 las vegas blvd. s ',' 3400 las vegas blvd. s. ',` las vegas ',` las vegas ',702/731 -7547,702-791-7352,continental,chinese,70,666
135,0,` dante \ 's down the hatch buckhead ',` ritz-carlton dining room ( buckhead ) ',' 3380 peachtree rd. ',' 3434 peachtree rd. ne ',atlanta,atlanta,404/266 -1600,404-237-2700,continental,` american ( new ) ',393,90
136,0,` bugsy \ 's diner ','em eril \ 's new orleans fish house ',' 3555 las vegas blvd. s ',' 3799 las vegas blvd. s. ',` las vegas ',` las vegas ',702/733 -3111,702-891-7374,` coffee shops/diners ',seafood,431,659
137,0,bolo,` la grenouille ','23 e. 22nd st. ',' 3 e. 52nd st. ',` new york ',` new york city ',212/228 -2200,212-752-1495,mediterranean,` french ( classic ) ',191,623
138,0,` cafe roma ',` palace court ',' 3570 las vegas blvd. s ',' 3570 las vegas blvd. s. ',` las vegas ',` las vegas ',702/731 -7547,702-731-7110,` coffee shops/diners ',` french ( new ) ',433,70
139,0,felidia,march,' 243 e. 58th st. ',' 405 e. 58th st. ',` new york ',` new york city ',212/758 -1479,212-754-6272,italian,` american ( new ) ',33,46
140,0,tomtom,toulouse,' 3393 peachtree rd. ',' 293-b peachtree rd. ',atlanta,atlanta,404/264 -1163,404-351-9533,continental,` french ( new ) ',422,92
141,0,` hard rock cafe ',` edison cafe ',' 221 w. 57th st. ',' 228 w. 47th st. ',` new york ',` new york city ',212/489 -6565,212-840-5000,american,diners,261,611
142,1,` dining room ritz-carlton buckhead ',` ritz-carlton dining room ( buckhead ) ',' 3434 peachtree rd. ',' 3434 peachtree rd. ne ',atlanta,atlanta,404/237 -2700,404-237-2700,international,` american ( new ) ',90,90
143,1,` smith & wollensky ',` smith & wollensky ',' 201 e. 49th st. ',' 797 third ave. ',` new york ',` new york city ',212/753 -1530,212-753-1530,american,steakhouses,62,62
144,0,` matthew \ 's ',` masa \ 's ',' 1030 3rd ave. at 61st st. ',' 648 bush st. ',` new york ',` san francisco ',212/838 -4343,415-989-7154,american,` french ( new ) ',305,106
145,0,` border grill ',` roosevelt tamale parlor ',' 4th st. ',' 2817 24th st. ',` los angeles ',` san francisco ',310/451 -1655,415-550-9213,mexican,mexican,116,742
146,0,` cafe ritz-carlton buckhead ',` la grotta ',' 3434 peachtree rd. ',' 2637 peachtree rd. ne ',atlanta,atlanta,404/237 -2700,404-231-1368,` ext 6108 international ',italian,89,85
147,0,` vivande porta via ',` plumpjack cafe ',' 2125 fillmore st. ',' 3127 fillmore st. ',` san francisco ',` san francisco ',415/346 -4430,415-563-4755,italian,` american ( new ) ',524,108
148,1,pisces,pisces,'95 ave. a at 6th st. ','95 ave. a ',` new york ',` new york city ',212/260 -6660,212-260-6660,seafood,seafood,54,54
149,0,` le chardonnay ',citrus,' 8284 melrose ave. ',' 6703 melrose ave. ',` los angeles ',` los angeles ',213/655 -8880,213-857-0034,french,californian,12,6
150,0,bruno,lutece,' 240 e. 58th st. ',' 249 e. 50th st. ',` new york ',` new york city ',212/688 -4190,212-752-2225,italian,` french ( classic ) ',195,44
151,0,march,` shun lee palace ',' 405 e. 58th st. ',' 155 e. 55th st. ',` new york ',` new york city ',212/754 -6272,212-371-8844,american,chinese,46,60
152,0,toulouse,abruzzi,' b peachtree rd. ',' 2355 peachtree rd. ne ',atlanta,atlanta,404/351 -9533,404-261-8186,french,italian,92,74
153,0,` yolie \ 's ',` le montrachet bistro ',' 3900 paradise rd. ',' 3000 paradise rd. ',` las vegas ',` las vegas ',702/794 -0700,702-732-5651,` steak houses ',` french bistro ',452,69
154,0,` chin \ 's ',` madame ching \ 's ',' 3200 las vegas blvd. s ',' 3300 las vegas blvd. s. ',` las vegas ',` las vegas ',702/733 -8899,702-894-7111,asian,asian,67,662
155,1,granita,granita,' 23725 w. malibu rd. ',' 23725 w. malibu rd. ',malibu,malibu,310/456 -0488,310-456-0488,californian,californian,8,8
156,1,` l \ ` orangerie ',` l \ ` orangerie ',' 903 n. la cienega blvd. ',' 903 n. la cienega blvd. ',` los angeles ',` w. hollywood ',310/652 -9770,310-652-9770,french,` french ( classic ) ',11,11
157,1,` georgia grille ',` georgia grille ',' 2290 peachtree rd. . peachtree square shopping center ',' 2290 peachtree rd. ',atlanta,atlanta,404/352 -3517,404-352-3517,american,southwestern,81,81
158,0,` camille \ 's ',` uncle bill \ 's pancake house ',' 1186 n. highland ave. ',' 1305 highland ave. ',atlanta,` manhattan beach ',404/872 -7203,310-545-5177,italian,diners,388,599
159,0,` antonio \ 's ',` fiore rotisserie & grille ',' 3700 w. flamingo ',' 3700 w. flamingo rd. ',` las vegas ',` las vegas ',702/252 -7737,702-252-7702,italian,italian,423,660
160,0,bistango,` ritz-carlton restaurant ',' 1100 peachtree st. ',' 181 peachtree st. ',atlanta,atlanta,404/724 -0901,404-659-0400,mediterranean,` french ( classic ) ',386,91
161,0,` cafe roma ',` chin \ 's ',' 3570 las vegas blvd. s ',' 3200 las vegas blvd. s. ',` las vegas ',` las vegas ',702/731 -7547,702-733-8899,` coffee shops/diners ',chinese,433,67
162,0,` ralph \ 's diner ',` michael \ 's ( las vegas ) ',' 3000 las vegas blvd. s ',' 3595 las vegas blvd. s. ',` las vegas ',` las vegas ',702/732 -6330,702-737-7111,` coffee shops/diners ',continental,448,664
163,0,helmand,` carmine \ 's ',' 430 broadway ',' 2450 broadway ',` san francisco ',` new york city ',415/362 -0641,212-362-2200,` greek and middle eastern ',italian,479,28
164,0,mikado,` michael \ 's ( las vegas ) ',' 3400 las vegas blvd. s ',' 3595 las vegas blvd. s. ',` las vegas ',` las vegas ',702/791 -7111,702-737-7111,asian,continental,446,664
165,1,lulu,` lulu restaurant-bis-cafe ',' 816 folsom st. ',' 816 folsom st. ',` san francisco ',` san francisco ',415/495 -5775,415-495-5775,mediterranean,mediterranean,105,105
166,0,` the bacchanal ',` buccaneer bay club ',' 3570 las vegas blvd. s ',' 3300 las vegas blvd. s. ',` las vegas ',` las vegas ',702/731 -7525,702-894-7350,` only in las vegas ',continental,449,657
167,0,` le marais ',` virgil \ 's real bbq ',' 150 w. 46th st. ',' 152 w. 44th st. ',` new york ',` new york city ',212/869 -0900,212-921-9494,american,bbq,290,66
168,0,` le chantilly ',yama,' 106 e. 57th st. ',' 122 e. 17th st. ',` new york ',` new york city ',212/751 -2931,212-475-0969,french,japanese,285,654
169,0,` pano \ 's and paul \ 's ',' 103 west ',' 1232 w. paces ferry rd. ',' 103 w. paces ferry rd. ',atlanta,atlanta,404/261 -3662,404-233-5993,international,continental,88,675
170,0,` ralph \ 's diner ',` sterling brunch ',' 3000 las vegas blvd. s ',' 3645 las vegas blvd. s. ',` las vegas ',` las vegas ',702/732 -6330,702-739-4651,` coffee shops/diners ',eclectic,448,673
171,0,` tadich grill ',aqua,' 240 california st. ',' 252 california st. ',` san francisco ',` san francisco ',415/391 -2373,415-956-9662,seafood,` american ( new ) ',519,95
172,0,sanppo,postrio,' 1702 post st. ',' 545 post st. ',` san francisco ',` san francisco ',415/346 -3486,415-776-7825,asian,californian,510,109
173,1,` restaurant katsu ',katsu,' 1972 n. hillhurst ave. ',' 1972 hillhurst ave. ',` los angeles ',` los feliz ',213/665 -1891,213-665-1891,asian,japanese,10,10
174,0,petrossian,felidia,' 182 w. 58th st. ',' 243 e. 58th st. ',` new york ',` new york city ',212/245 -2214,212-758-1479,french,italian,52,33
175,0,` zuni cafe & grill ',` cafe flore ',' 1658 market st. ',' 2298 market st. ',` san francisco ',` san francisco ',415/552 -2522,415-621-8579,mediterranean,californian,532,722
176,0,` la folie ',` swan oyster depot ',' 2316 polk st. ',' 1517 polk st. ',` san francisco ',` san francisco ',415/776 -5577,415-673-1101,french,seafood,104,746
177,0,bistro,` michael \ 's ( las vegas ) ',' 3400 las vegas blvd. s ',' 3595 las vegas blvd. s. ',` las vegas ',` las vegas ',702/791 -7111,702-737-7111,continental,continental,429,664
178,0,` virgil \ 's ',` les celebrites ',' 152 w. 44th st. ',' 155 w. 58th st. ',` new york ',` new york city ',' 212 / 921-9494 ',212-484-5113,american,` french ( classic ) ',66,42
179,0,` virgil \ 's ',petrossian,' 152 w. 44th st. ',' 182 w. 58th st. ',` new york ',` new york city ',' 212 / 921-9494 ',212-245-2214,american,russian,66,52
180,0,abbey,tortillas,' 163 ponce de leon ave. ',' 774 ponce de leon ave. ne ',atlanta,atlanta,404/876 -8532,404-892-0193,international,tex-mex,379,716
181,0,` restaurant ritz-carlton atlanta ',` morton \ 's of chicago ( atlanta ) ',' 181 peachtree st. ',' 303 peachtree st. ne ',atlanta,atlanta,404/659 -0400,404-577-4366,continental,steakhouses,91,704
182,0,` bertolini \ 's ',` tre visi ',' 3570 las vegas blvd. s ',' 3799 las vegas blvd. s. ',` las vegas ',` las vegas ',702/735 -4663,702-891-7331,italian,italian,427,674
183,0,` mon kee seafood restaurant ',` lombardi \ 's ',' 679 n. spring st. ','32 spring st. ',` los angeles ',` new york city ',213/628 -6717,212-941-7994,asian,pizza,147,625
184,0,lespinasse,felidia,' 2 e. 55th st. ',' 243 e. 58th st. ',` new york ',` new york city ',212/339 -6719,212-758-1479,american,italian,43,33
185,0,posto,` art \ 's deli ',' 14928 ventura blvd. ',' 12224 ventura blvd. ',` sherman oaks ',` studio city ',818/784 -4400,818-762-1221,italian,delis,156,1
186,0,toulouse,` ritz-carlton cafe ( buckhead ) ',' b peachtree rd. ',' 3434 peachtree rd. ne ',atlanta,atlanta,404/351 -9533,404-237-2700,french,` american ( new ) ',92,89
187,0,` bone \ 's ',` rae \ 's ',' 3130 piedmont road ',' 2901 pico blvd. ',atlanta,` santa monica ',404/237 -2663,310-828-7937,american,diners,76,589
188,0,` the palm ',` la cachette ',' 9001 santa monica blvd. ',' 10506 little santa monica blvd. ',` los angeles ',` century city ',310/550 -8811,310-470-4992,american,` french ( new ) ',15,568
189,0,` le perigord ',` four seasons ',' 405 e. 52nd st. ','99 e. 52nd st. ',` new york ',` new york city ',212/755 -6244,212-754-9494,french,` american ( new ) ',291,34
190,1,aquavit,aquavit,'13 w. 54th st. ','13 w. 54th st. ',` new york ',` new york city ',212/307 -7311,212-307-7311,continental,scandinavian,24,24
191,0,bistro,` coyote cafe ( las vegas ) ',' 3400 las vegas blvd. s ',' 3799 las vegas blvd. s. ',` las vegas ',` las vegas ',702/791 -7111,702-891-7349,continental,southwestern,429,68
192,0,` pinot bistro ',` sushi nozawa ',' 12969 ventura blvd. ',' 11288 ventura blvd. ',` los angeles ',` studio city ',818/990 -0500,818-508-7017,french,japanese,18,595
193,0,` carnival world ',` buzio \ 's in the rio ',' 3700 w. flamingo rd. ',' 3700 w. flamingo rd. ',` las vegas ',` las vegas ',702/252 -7777,702-252-7697,buffets,seafood,435,658
194,1,fenix,` fenix at the argyle ',' 8358 sunset blvd. west ',' 8358 sunset blvd. ',hollywood,` w. hollywood ',213/848 -6677,213-848-6677,american,` french ( new ) ',7,7
195,0,` yolie \ 's ',` rae \ 's ',' 3900 paradise rd. ',' 2901 pico blvd. ',` las vegas ',` santa monica ',702/794 -0700,310-828-7937,` steak houses ',diners,452,589
196,0,` luna si ',` palm the ( atlanta ) ',' 1931 peachtree rd. ',' 3391 peachtree rd. ne ',atlanta,atlanta,404/355 -5993,404-814-1955,continental,steakhouses,405,709
197,0,` la reserve ',` wollensky \ 's grill ',' 4 w. 49th st. ',' 205 e. 49th st. ',` new york ',` new york city ',212/247 -2993,212-753-0444,french,steakhouses,281,653
198,0,` le colonial ',` shun lee palace ',' 149 e. 57th st. ',' 155 e. 55th st. ',` new york ',` new york city ',' 212 / 752-0808 ',212-371-8844,asian,chinese,286,60
199,0,` pinot bistro ',` cafe bizou ',' 12969 ventura blvd. ',' 14016 ventura blvd. ',` los angeles ',` sherman oaks ',818/990 -0500,818-788-3536,french,` french bistro ',18,3
200,0,` gallagher \ 's ',` edison cafe ',' 228 w. 52nd st. ',' 228 w. 47th st. ',` new york ',` new york city ',212/245 -5336,212-840-5000,american,diners,254,611
201,0,` le marais ',` les celebrites ',' 150 w. 46th st. ',' 155 w. 58th st. ',` new york ',` new york city ',212/869 -0900,212-484-5113,american,` french ( classic ) ',290,42
202,0,` margarita \ 's mexican cantina ',` tre visi ',' 3120 las vegas blvd. s ',' 3799 las vegas blvd. s. ',` las vegas ',` las vegas ',702/794 -8200,702-891-7331,mexican,italian,444,674
203,0,` border grill ',` water grill ',' 4th st. ',' 544 s. grand ave. ',` los angeles ',` los angeles ',310/451 -1655,213-891-0900,mexican,seafood,116,600
204,0,'em press court ',moongate,' 3570 las vegas blvd. s ',' 3400 las vegas blvd. s. ',` las vegas ',` las vegas ',702/731 -7888,702-791-7352,asian,chinese,438,666
205,0,` cafe michelle ',` buzio \ 's in the rio ',' 1350 e. flamingo rd. ',' 3700 w. flamingo rd. ',` las vegas ',` las vegas ',702/735 -8686,702-252-7697,american,seafood,432,658
206,0,` the bacchanal ','em eril \ 's new orleans fish house ',' 3570 las vegas blvd. s ',' 3799 las vegas blvd. s. ',` las vegas ',` las vegas ',702/731 -7525,702-891-7374,` only in las vegas ',seafood,449,659
207,0,mikado,` chin \ 's ',' 3400 las vegas blvd. s ',' 3200 las vegas blvd. s. ',` las vegas ',` las vegas ',702/791 -7111,702-733-8899,asian,chinese,446,67
208,0,` steak house ',` steakhouse the ',' 2880 las vegas blvd. s ',' 128 e. fremont st. ',` las vegas ',` las vegas ',702/734 -0410,702-382-1600,` steak houses ',steakhouses,72,671
209,1,` rose pistola ',` rose pistola ',' 532 columbus ave. ',' 532 columbus ave. ',` san francisco ',` san francisco ',415/399 -0499,415-399-0499,italian,italian,111,111
210,1,` la cote basque ',` la cote basque ','60 w. 55th st. between 5th and 6th ave. ','60 w. 55th st. ',` new york ',` new york city ',212/688 -6525,212-688-6525,french,` french ( classic ) ',40,40
211,0,` ernie \ 's ',` joe \ 's ',' 2150 broadway between 75th and 76th sts . ',' 1023 abbot kinney blvd. ',` new york ',venice,212/496 -1588,310-399-5811,american,` american ( new ) ',234,560
212,1,` le chardonnay ',` le chardonnay ( los angeles ) ',' 8284 melrose ave. ',' 8284 melrose ave. ',` los angeles ',` los angeles ',213/655 -8880,213-655-8880,french,` french bistro ',12,12
213,0,` kabuto sushi ',` khan toke thai house ',' 5116 geary blvd. ',' 5937 geary blvd. ',` san francisco ',` san francisco ',415/752 -5652,415-668-6654,asian,thai,486,103
214,0,` le perigord ',march,' 405 e. 52nd st. ',' 405 e. 58th st. ',` new york ',` new york city ',212/755 -6244,212-754-6272,french,` american ( new ) ',291,46
215,0,'em press court ','em eril \ 's new orleans fish house ',' 3570 las vegas blvd. s ',' 3799 las vegas blvd. s. ',` las vegas ',` las vegas ',702/731 -7888,702-891-7374,asian,seafood,438,659
216,0,` manhattan ocean club ',petrossian,'57 w. 58th st. ',' 182 w. 58th st. ',` new york ',` new york city ',' 212 / 371-7777 ',212-245-2214,seafood,russian,45,52
217,0,` coyote cafe ',moongate,' 3799 las vegas blvd. s ',' 3400 las vegas blvd. s. ',` las vegas ',` las vegas ',702/891 -7349,702-791-7352,southwestern,chinese,68,666
218,0,` des alpes ',` peter luger steak house ',' 732 broadway ',' 178 broadway ',` san francisco ',brooklyn,415/788 -9900,718-387-7400,french,steakhouses,468,637
219,0,` lincoln tavern ',` cafe des artistes ','51 w. 64th st. ',' 1 w. 67th st. ',` new york ',` new york city ',212/721 -8271,212-877-3500,american,` french ( classic ) ',294,27
220,0,` bertolini \ 's ',` palace court ',' 3570 las vegas blvd. s ',' 3570 las vegas blvd. s. ',` las vegas ',` las vegas ',702/735 -4663,702-731-7110,italian,` french ( new ) ',427,70
221,0,` indigo coastal grill ',` uncle bill \ 's pancake house ',' 1397 n. highland ave. ',' 1305 highland ave. ',atlanta,` manhattan beach ',404/876 -0676,310-545-5177,caribbean,diners,84,599
222,0,` dante \ 's down the hatch buckhead ',` ritz-carlton cafe ( buckhead ) ',' 3380 peachtree rd. ',' 3434 peachtree rd. ne ',atlanta,atlanta,404/266 -1600,404-237-2700,continental,` american ( new ) ',393,89
223,0,` art \ 's delicatessen ',` pinot bistro ',' 12224 ventura blvd. ',' 12969 ventura blvd. ',` studio city ',` studio city ',818/762 -1221,818-990-0500,american,` french bistro ',1,18
224,0,` cafe adriano ',` trio cafe ',' 3347 fillmore st. ',' 1870 fillmore st. ',` san francisco ',` san francisco ',415/474 -4180,415-563-2248,italian,american,461,749
225,0,tomtom,` georgia grille ',' 3393 peachtree rd. ',' 2290 peachtree rd. ',atlanta,atlanta,404/264 -1163,404-352-3517,continental,southwestern,422,81
226,0,` coyote cafe ',` tre visi ',' 3799 las vegas blvd. s ',' 3799 las vegas blvd. s. ',` las vegas ',` las vegas ',702/891 -7349,702-891-7331,southwestern,italian,68,674
227,0,` bone \ 's ',` duke \ 's ',' 3130 piedmont road ',' 8909 sunset blvd. ',atlanta,` w. hollywood ',404/237 -2663,310-652-3100,american,` coffee shops ',76,551
228,0,` gallagher \ 's ','21 club ',' 228 w. 52nd st. ','21 w. 52nd st. ',` new york ',` new york city ',212/245 -5336,212-582-7200,american,` american ( new ) ',254,23
229,0,mikado,'em eril \ 's new orleans fish house ',' 3400 las vegas blvd. s ',' 3799 las vegas blvd. s. ',` las vegas ',` las vegas ',702/791 -7111,702-891-7374,asian,seafood,446,659
230,0,` the palm ',` cafe blanc ',' 9001 santa monica blvd. ',' 9777 little santa monica blvd. ',` los angeles ',` beverly hills ',310/550 -8811,310-888-0108,american,` pacific new wave ',15,546
231,0,` restaurant ritz-carlton atlanta ',` ritz-carlton cafe ( atlanta ) ',' 181 peachtree st. ',' 181 peachtree st. ',atlanta,atlanta,404/659 -0400,404-659-0400,continental,` american ( new ) ',91,711
232,1,` brasserie le coze ',` brasserie le coze ',' 3393 peachtree rd. . lenox square mall near neiman marcus ',' 3393 peachtree rd. ',atlanta,atlanta,404/266 -1440,404-266-1440,french,` french bistro ',77,77
233,0,` margarita \ 's mexican cantina ',` sterling brunch ',' 3120 las vegas blvd. s ',' 3645 las vegas blvd. s. ',` las vegas ',` las vegas ',702/794 -8200,702-739-4651,mexican,eclectic,444,673
234,0,dawat,lutece,' 210 e. 58th st. ',' 249 e. 50th st. ',` new york ',` new york city ',212/355 -7555,212-752-2225,asian,` french ( classic ) ',32,44
235,0,` union square cafe ',arcadia,'21 e. 16th st. ','21 e. 62nd st. ',` new york ',` new york city ',212/243 -4020,212-223-2900,american,` american ( new ) ',65,603
236,1,patina,patina,' 5955 melrose ave. ',' 5955 melrose ave. ',` los angeles ',` los angeles ',213/467 -1108,213-467-1108,californian,californian,16,16
237,0,` restaurant ritz-carlton atlanta ',` alon \ 's at the terrace ',' 181 peachtree st. ',' 659 peachtree st. ',atlanta,atlanta,404/659 -0400,404-724-0444,continental,sandwiches,91,676
238,0,` art \ 's delicatessen ',` cafe bizou ',' 12224 ventura blvd. ',' 14016 ventura blvd. ',` studio city ',` sherman oaks ',818/762 -1221,818-788-3536,american,` french bistro ',1,3
239,0,` dining room ritz-carlton buckhead ',nava,' 3434 peachtree rd. ',' 3060 peachtree rd. ',atlanta,atlanta,404/237 -2700,404-240-1984,international,southwestern,90,706
240,0,` chin \ 's ',` sterling brunch ',' 3200 las vegas blvd. s ',' 3645 las vegas blvd. s. ',` las vegas ',` las vegas ',702/733 -8899,702-739-4651,asian,eclectic,67,673
241,0,` cafe roma ',` coyote cafe ( las vegas ) ',' 3570 las vegas blvd. s ',' 3799 las vegas blvd. s. ',` las vegas ',` las vegas ',702/731 -7547,702-891-7349,` coffee shops/diners ',southwestern,433,68
242,0,` palace court ',` monte carlo ',' 3570 las vegas blvd. s ',' 3145 las vegas blvd. s. ',` las vegas ',` las vegas ',702/731 -7547,702-733-4524,continental,` french ( new ) ',70,665
243,0,'21 club ',arcadia,'21 w. 52nd st. ','21 e. 62nd st. ',` new york ',` new york city ',212/582 -7200,212-223-2900,american,` american ( new ) ',23,603
244,0,` arnie morton \ 's of chicago ',` morton \ 's of chicago ( las vegas ) ',' 435 s. la cienega blv . ',' 3200 las vegas blvd. s. ',` los angeles ',` las vegas ',310/246 -1501,702-893-0703,american,steakhouses,0,667
245,0,chiam,dawat,' 160 e. 48th st. ',' 210 e. 58th st. ',` new york ',` new york city ',212/371 -2323,212-355-7555,asian,indian,218,32
246,0,tomtom,` ritz-carlton cafe ( buckhead ) ',' 3393 peachtree rd. ',' 3434 peachtree rd. ne ',atlanta,atlanta,404/264 -1163,404-237-2700,continental,` american ( new ) ',422,89
247,0,` des alpes ',` pho hoa ',' 732 broadway ',' 642 broadway ',` san francisco ',chinatown,415/788 -9900,213-626-5530,french,vietnamese,468,585
248,0,` camille \ 's ',` indigo coastal grill ',' 1186 n. highland ave. ',' 1397 n. highland ave. ',atlanta,atlanta,404/872 -7203,404-876-0676,italian,eclectic,388,84
249,0,` cafe adriano ',` plumpjack cafe ',' 3347 fillmore st. ',' 3127 fillmore st. ',` san francisco ',` san francisco ',415/474 -4180,415-563-4755,italian,` american ( new ) ',461,108
250,1,` cafe lalo ',` cafe lalo ',' 201 w. 83rd st. ',' 201 w. 83rd st. ',` new york ',` new york city ',212/496 -6031,212-496-6031,` coffee bar ',coffeehouses,26,26
251,0,` the bacchanal ',` sterling brunch ',' 3570 las vegas blvd. s ',' 3645 las vegas blvd. s. ',` las vegas ',` las vegas ',702/731 -7525,702-739-4651,` only in las vegas ',eclectic,449,673
252,0,` margarita \ 's mexican cantina ',` palace court ',' 3120 las vegas blvd. s ',' 3570 las vegas blvd. s. ',` las vegas ',` las vegas ',702/794 -8200,702-731-7110,mexican,` french ( new ) ',444,70
253,0,` shun lee west ',` john \ 's pizzeria ','43 w. 65th st. ','48 w. 65th st. ',` new york ',` new york city ',212/371 -8844,212-721-7001,asian,pizza,60,618
254,0,` chin \ 's ',` buccaneer bay club ',' 3200 las vegas blvd. s ',' 3300 las vegas blvd. s. ',` las vegas ',` las vegas ',702/733 -8899,702-894-7350,asian,continental,67,657
255,0,felidia,lutece,' 243 e. 58th st. ',' 249 e. 50th st. ',` new york ',` new york city ',212/758 -1479,212-752-2225,italian,` french ( classic ) ',33,44
256,0,` chin \ 's ',` morton \ 's of chicago ( las vegas ) ',' 3200 las vegas blvd. s ',' 3200 las vegas blvd. s. ',` las vegas ',` las vegas ',702/733 -8899,702-893-0703,asian,steakhouses,67,667
257,0,` art \ 's delicatessen ',` mulberry st. ',' 12224 ventura blvd. ',' 17040 ventura blvd. ',` studio city ',encino,818/762 -1221,818-906-8881,american,pizza,1,580
258,0,` sea grill ',` mesa grill ','19 w. 49th st. ',' 102 fifth ave. ',` new york ',` new york city ',212/332 -7610,212-807-7400,seafood,southwestern,345,47
259,0,` smith & wollensky ',` sparks steak house ',' 201 e. 49th st. ',' 210 e. 46th st. ',` new york ',` new york city ',212/753 -1530,212-687-4855,american,steakhouses,62,641
260,0,` rex il ristorante ',` bernard \ 's ',' 617 s. olive st. ',' 515 s. olive st. ',` los angeles ',` los angeles ',213/627 -2300,213-612-1580,italian,continental,19,539
261,0,` bertolini \ 's ',` steak house the ',' 3570 las vegas blvd. s ',' 2880 las vegas blvd. s. ',` las vegas ',` las vegas ',702/735 -4663,702-734-0410,italian,steakhouses,427,72
262,0,` cafe pierre ',` cafe flore ',' 2 e. 61st st. ',' 2298 market st. ',` new york ',` san francisco ',212/940 -8185,415-621-8579,french,californian,203,722
263,0,` le jardin ',` le bernardin ','25 cleveland pl . near spring st. ',' 155 w. 51st st. ',` new york ',` new york city ',212/343 -9599,212-489-1515,french,seafood,288,41
264,0,` gianni \ 's ',` patsy \ 's pizza ','15 fulton st. ','19 old fulton st. ',` new york ',brooklyn,212/608 -7300,718-858-4300,seafood,pizza,255,636
265,0,vong,` jo jo ',' 200 e. 54th st. ',' 160 e. 64th st. ',` new york ',` new york city ',212/486 -9592,212-223-5656,american,` french bistro ',373,38
266,0,` planet hollywood ',` les celebrites ',' 140 w. 57th st. ',' 155 w. 58th st. ',` new york ',` new york city ',212/333 -7827,212-484-5113,american,` french ( classic ) ',328,42
267,0,` le chardonnay ',patina,' 8284 melrose ave. ',' 5955 melrose ave. ',` los angeles ',` los angeles ',213/655 -8880,213-467-1108,french,californian,12,16
268,0,` chin \ 's ',` steak house the ',' 3200 las vegas blvd. s ',' 2880 las vegas blvd. s. ',` las vegas ',` las vegas ',702/733 -8899,702-734-0410,asian,steakhouses,67,72
269,0,` dining room ritz-carlton buckhead ',` georgia grille ',' 3434 peachtree rd. ',' 2290 peachtree rd. ',atlanta,atlanta,404/237 -2700,404-352-3517,international,southwestern,90,81
270,1,'21 club ','21 club ','21 w. 52nd st. ','21 w. 52nd st. ',` new york ',` new york city ',212/582 -7200,212-582-7200,american,` american ( new ) ',23,23
271,0,` bally \ 's big kitchen ',` tre visi ',' 3645 las vegas blvd. s ',' 3799 las vegas blvd. s. ',` las vegas ',` las vegas ',702/739 -4111,702-891-7331,buffets,italian,424,674
272,0,` hard rock cafe ',` jan \ 's family restaurant ',' 8600 beverly blvd. ',' 8424 beverly blvd. ',` los angeles ',la,310/276 -7605,213-651-2866,american,` coffee shops ',137,557
273,0,` california pizza kitchen ',` ruth \ 's chris steak house ( los angeles ) ',' 207 s. beverly dr. ',' 224 s. beverly dr. ',` los angeles ',` beverly hills ',310/275 -1101,310-859-8744,californian,steakhouses,121,593
274,1,matsuhisa,matsuhisa,' 129 n. la cienega blvd. ',' 129 n. la cienega blvd. ',` beverly hills ',` beverly hills ',310/659 -9639,310-659-9639,asian,seafood,14,14
275,1,` steak house ',` steak house the ',' 2880 las vegas blvd. s ',' 2880 las vegas blvd. s. ',` las vegas ',` las vegas ',702/734 -0410,702-734-0410,` steak houses ',steakhouses,72,72
276,0,` cafe ritz-carlton buckhead ',` georgia grille ',' 3434 peachtree rd. ',' 2290 peachtree rd. ',atlanta,atlanta,404/237 -2700,404-352-3517,` ext 6108 international ',southwestern,89,81
277,0,` california culinary academy ',` la folie ',' 625 polk st. ',' 2316 polk st. ',` san francisco ',` san francisco ',415/771 -3500,415-776-5577,french,` french ( new ) ',463,104
278,0,` steak house ',` tre visi ',' 2880 las vegas blvd. s ',' 3799 las vegas blvd. s. ',` las vegas ',` las vegas ',702/734 -0410,702-891-7331,` steak houses ',italian,72,674
279,0,` osteria al droge ',petrossian,' 142 w. 44th st. ',' 182 w. 58th st. ',` new york ',` new york city ',212/944 -3643,212-245-2214,italian,russian,317,52
280,1,` pano \ 's and paul \ 's ',` pano \ 's & paul \ 's ',' 1232 w. paces ferry rd. ',' 1232 w. paces ferry rd. ',atlanta,atlanta,404/261 -3662,404-261-3662,international,` american ( new ) ',88,88
281,0,` margarita \ 's mexican cantina ',` buccaneer bay club ',' 3120 las vegas blvd. s ',' 3300 las vegas blvd. s. ',` las vegas ',` las vegas ',702/794 -8200,702-894-7350,mexican,continental,444,657
282,0,feast,` mayflower cuisinier ',' 2411 w. sahara ave. ',' 4750 w. sahara ave. ',` las vegas ',` las vegas ',702/367 -2411,702-870-8432,buffets,chinese,439,663
283,0,` le chantilly ',` shun lee palace ',' 106 e. 57th st. ',' 155 e. 55th st. ',` new york ',` new york city ',212/751 -2931,212-371-8844,french,chinese,285,60
284,0,palisades,` palm the ( atlanta ) ',' 1829 peachtree rd. ',' 3391 peachtree rd. ne ',atlanta,atlanta,404/350 -6755,404-814-1955,continental,steakhouses,410,709
285,0,orso,` virgil \ 's real bbq ',' 322 w. 46th st. ',' 152 w. 44th st. ',` new york ',` new york city ',212/489 -7212,212-921-9494,italian,bbq,316,66
286,0,` plumpjack cafe ',` trio cafe ',' 3201 fillmore st. ',' 1870 fillmore st. ',` san francisco ',` san francisco ',415/563 -4755,415-563-2248,mediterranean,american,108,749
287,0,lespinasse,` la cote basque ',' 2 e. 55th st. ','60 w. 55th st. ',` new york ',` new york city ',212/339 -6719,212-688-6525,american,` french ( classic ) ',43,40
288,0,` r.j. \ 's uptown kitchen & wine bar ',` uncle bill \ 's pancake house ',' 870 n. highland ave. ',' 1305 highland ave. ',atlanta,` manhattan beach ',404/875 -7775,310-545-5177,american,diners,413,599
289,0,helmand,` peter luger steak house ',' 430 broadway ',' 178 broadway ',` san francisco ',brooklyn,415/362 -0641,718-387-7400,` greek and middle eastern ',steakhouses,479,637
290,0,orleans,` indo cafe ',' 11705 national blvd. ',' 10428 1/2 national blvd. ',` los angeles ',la,310/479 -4187,310-815-1290,cajun,indonesian,152,556
291,0,` margarita \ 's mexican cantina ','em eril \ 's new orleans fish house ',' 3120 las vegas blvd. s ',' 3799 las vegas blvd. s. ',` las vegas ',` las vegas ',702/794 -8200,702-891-7374,mexican,seafood,444,659
292,0,palio,` le bernardin ',' 151 w. 51st . st. ',' 155 w. 51st st. ',` new york ',` new york city ',212/245 -4850,212-489-1515,italian,seafood,320,41
293,0,` the bacchanal ',` coyote cafe ( las vegas ) ',' 3570 las vegas blvd. s ',' 3799 las vegas blvd. s. ',` las vegas ',` las vegas ',702/731 -7525,702-891-7349,` only in las vegas ',southwestern,449,68
294,0,2223,` cafe flore ',' 2223 market st. ',' 2298 market st. ',` san francisco ',` san francisco ',415/431 -0692,415-621-8579,american,californian,453,722
295,0,betelnut,` doidge \ 's ',' 2030 union st. ',' 2217 union st. ',` san francisco ',` san francisco ',415/929 -8855,415-921-2149,asian,american,456,726
296,0,manora,shiro,' 3226 mission st. ',' 1505 mission st. s. ',` san francisco ',pasadena,415/861 -6224,818-799-4774,asian,` pacific new wave ',494,594
297,0,` san pietro ',oceana,'18 e. 54th st. ','55 e. 54th st. ',` new york ',` new york city ',212/753 -9015,212-759-5941,italian,seafood,342,50
298,0,posto,` pinot bistro ',' 14928 ventura blvd. ',' 12969 ventura blvd. ',` sherman oaks ',` studio city ',818/784 -4400,818-990-0500,italian,` french bistro ',156,18
299,1,` philippe \ 's the original ',` philippe the original ',' 1001 n. alameda st. ',' 1001 n. alameda st. ',` los angeles ',chinatown,213/628 -3781,213-628-3781,american,cafeterias,17,17
300,0,` chin \ 's ',moongate,' 3200 las vegas blvd. s ',' 3400 las vegas blvd. s. ',` las vegas ',` las vegas ',702/733 -8899,702-791-7352,asian,chinese,67,666
301,0,` masa \ 's ',` teresa \ 's ',' 648 bush st. ','80 montague st. ',` san francisco ',queens,415/989 -7154,718-520-2910,french,polish,106,647
302,0,` circus circus ',` steak house the ',' 2880 las vegas blvd. s ',' 2880 las vegas blvd. s. ',` las vegas ',` las vegas ',702/734 -0410,702-734-0410,buffets,steakhouses,437,72
303,0,` hedgerose heights inn ',chops,' 490 e. paces ferry rd. ','70 w. paces ferry rd. ',atlanta,atlanta,404/233 -7673,404-262-2675,international,steakhouses,82,687
304,0,` mavalli palace ',` gramercy tavern ','46 e. 29th st. ','42 e. 20th st. ',` new york ',` new york city ',212/679 -5535,212-477-0777,asian,` american ( new ) ',306,36
305,0,` morton \ 's ',citrus,' 8764 melrose ave. ',' 6703 melrose ave. ',` los angeles ',` los angeles ',310/276 -5205,213-857-0034,american,californian,148,6
306,0,` pen & pencil ',` wollensky \ 's grill ',' 205 e. 45th st. ',' 205 e. 49th st. ',` new york ',` new york city ',212/682 -8660,212-753-0444,american,steakhouses,325,653
307,0,orso,` sparks steak house ',' 322 w. 46th st. ',' 210 e. 46th st. ',` new york ',` new york city ',212/489 -7212,212-687-4855,italian,steakhouses,316,641
308,0,` monkey bar ',oceana,'60 e. 54th st. ','55 e. 54th st. ',` new york ',` new york city ',212/838 -2600,212-759-5941,american,seafood,308,50
309,0,` four seasons grill room ',` la grenouille ','99 e. 52nd st. ',' 3 e. 52nd st. ',` new york ',` new york city ',212/754 -9494,212-752-1495,american,` french ( classic ) ',34,623
310,0,` ralph \ 's diner ',moongate,' 3000 las vegas blvd. s ',' 3400 las vegas blvd. s. ',` las vegas ',` las vegas ',702/732 -6330,702-791-7352,` coffee shops/diners ',chinese,448,666
311,0,` cafe ritz-carlton buckhead ',nava,' 3434 peachtree rd. ',' 3060 peachtree rd. ',atlanta,atlanta,404/237 -2700,404-240-1984,` ext 6108 international ',southwestern,89,706
312,0,` la caravelle ',menchanko-tei,'33 w. 55th st. ','39 w. 55th st. ',` new york ',` new york city ',212/586 -4252,212-247-1585,french,japanese,39,627
313,0,` jewel of india ',` island spice ','15 w. 44th st. ',' 402 w. 44th st. ',` new york ',` new york city ',212/869 -5544,212-765-1737,asian,caribbean,273,37
314,0,` bertolini \ 's ',` madame ching \ 's ',' 3570 las vegas blvd. s ',' 3300 las vegas blvd. s. ',` las vegas ',` las vegas ',702/735 -4663,702-894-7111,italian,asian,427,662
315,0,manora,` la taqueria ',' 3226 mission st. ',' 2889 mission st. ',` san francisco ',` san francisco ',415/861 -6224,415-285-7117,asian,mexican,494,736
316,1,` cafe bizou ',` cafe bizou ',' 14016 ventura blvd. ',' 14016 ventura blvd. ',` sherman oaks ',` sherman oaks ',818/788 -3536,818-788-3536,french,` french bistro ',3,3
317,1,` palace court ',` palace court ',' 3570 las vegas blvd. s ',' 3570 las vegas blvd. s. ',` las vegas ',` las vegas ',702/731 -7547,702-731-7110,continental,` french ( new ) ',70,70
318,0,` california culinary academy ',` mario \ 's bohemian cigar store cafe ',' 625 polk st. ',' 2209 polk st. ',` san francisco ',` san francisco ',415/771 -3500,415-776-8226,french,italian,463,737
319,0,vong,lutece,' 200 e. 54th st. ',' 249 e. 50th st. ',` new york ',` new york city ',212/486 -9592,212-752-2225,american,` french ( classic ) ',373,44
320,0,bolo,arcadia,'23 e. 22nd st. ','21 e. 62nd st. ',` new york ',` new york city ',212/228 -2200,212-223-2900,mediterranean,` american ( new ) ',191,603
321,0,` cafe ritz-carlton buckhead ',` brasserie le coze ',' 3434 peachtree rd. ',' 3393 peachtree rd. ',atlanta,atlanta,404/237 -2700,404-266-1440,` ext 6108 international ',` french bistro ',89,77
322,0,` tavola calda ',` johnny rockets ( la ) ',' 7371 melrose ave. ',' 7507 melrose ave. ',` los angeles ',la,213/658 -6340,213-651-3361,italian,american,165,564
323,0,` fleur de jour ',arcadia,' 348 e. 62nd st. ','21 e. 62nd st. ',` new york ',` new york city ',212/355 -2020,212-223-2900,` coffee bar ',` american ( new ) ',245,603
324,0,lespinasse,` shun lee palace ',' 2 e. 55th st. ',' 155 e. 55th st. ',` new york ',` new york city ',212/339 -6719,212-371-8844,american,chinese,43,60
325,1,dawat,dawat,' 210 e. 58th st. ',' 210 e. 58th st. ',` new york ',` new york city ',212/355 -7555,212-355-7555,asian,indian,32,32
326,0,` bamboo garden ',` buzio \ 's in the rio ',' 4850 flamingo rd. ',' 3700 w. flamingo rd. ',` las vegas ',` las vegas ',702/871 -3262,702-252-7697,asian,seafood,425,658
327,0,boulevard,shiro,' 1 mission st. ',' 1505 mission st. s. ',` san francisco ',pasadena,415/543 -6084,818-799-4774,american,` pacific new wave ',96,594
328,1,march,march,' 405 e. 58th st. ',' 405 e. 58th st. ',` new york ',` new york city ',212/754 -6272,212-754-6272,american,` american ( new ) ',46,46
329,0,` bally \ 's big kitchen ',` chin \ 's ',' 3645 las vegas blvd. s ',' 3200 las vegas blvd. s. ',` las vegas ',` las vegas ',702/739 -4111,702-733-8899,buffets,chinese,424,67
330,0,'em press court ',` monte carlo ',' 3570 las vegas blvd. s ',' 3145 las vegas blvd. s. ',` las vegas ',` las vegas ',702/731 -7888,702-733-4524,asian,` french ( new ) ',438,665
331,1,` cafe ritz-carlton buckhead ',` ritz-carlton cafe ( buckhead ) ',' 3434 peachtree rd. ',' 3434 peachtree rd. ne ',atlanta,atlanta,404/237 -2700,404-237-2700,` ext 6108 international ',` american ( new ) ',89,89
332,0,` la caravelle ',aquavit,'33 w. 55th st. ','13 w. 54th st. ',` new york ',` new york city ',212/586 -4252,212-307-7311,french,scandinavian,39,24
333,1,felidia,felidia,' 243 e. 58th st. ',' 243 e. 58th st. ',` new york ',` new york city ',212/758 -1479,212-758-1479,italian,italian,33,33
334,0,'em pire korea ',` la grenouille ',' 6 e. 32nd st. ',' 3 e. 52nd st. ',` new york ',` new york city ',212/725 -1333,212-752-1495,asian,` french ( classic ) ',233,623
335,0,helmand,` pho hoa ',' 430 broadway ',' 642 broadway ',` san francisco ',chinatown,415/362 -0641,213-626-5530,` greek and middle eastern ',vietnamese,479,585
336,0,palisades,` ritz-carlton cafe ( atlanta ) ',' 1829 peachtree rd. ',' 181 peachtree st. ',atlanta,atlanta,404/350 -6755,404-659-0400,continental,` american ( new ) ',410,711
337,1,montrachet,montrachet,' 239 w. broadway between walker and white sts . ',' 239 w. broadway ',` new york ',` new york city ',' 212 / 219-2777 ',212-219-2777,french,` french bistro ',49,49
338,0,oritalia,` plumpjack cafe ',' 1915 fillmore st. ',' 3127 fillmore st. ',` san francisco ',` san francisco ',415/346 -1333,415-563-4755,italian,` american ( new ) ',501,108
339,0,` palace court ','em eril \ 's new orleans fish house ',' 3570 las vegas blvd. s ',' 3799 las vegas blvd. s. ',` las vegas ',` las vegas ',702/731 -7547,702-891-7374,continental,seafood,70,659
340,0,` cafe ritz-carlton buckhead ',` brookhaven cafe ',' 3434 peachtree rd. ',' 4274 peachtree rd. ',atlanta,atlanta,404/237 -2700,404-231-5907,` ext 6108 international ',vegetarian,89,682
341,0,` bally \ 's big kitchen ',moongate,' 3645 las vegas blvd. s ',' 3400 las vegas blvd. s. ',` las vegas ',` las vegas ',702/739 -4111,702-791-7352,buffets,chinese,424,666
342,0,` planet hollywood ',petrossian,' 140 w. 57th st. ',' 182 w. 58th st. ',` new york ',` new york city ',212/333 -7827,212-245-2214,american,russian,328,52
343,0,` tommy tang \ 's ',` mo better meatty meat ',' 7313 melrose ave. ',' 7261 melrose ave. ',` los angeles ',la,213/937 -5733,213-935-5280,asian,hamburgers,167,579
344,1,` le montrachet ',` le montrachet bistro ',' 3000 w. paradise rd. ',' 3000 paradise rd. ',` las vegas ',` las vegas ',702/732 -5111,702-732-5651,continental,` french bistro ',69,69
345,0,` yolie \ 's ',` joe \ 's ',' 3900 paradise rd. ',' 1023 abbot kinney blvd. ',` las vegas ',venice,702/794 -0700,310-399-5811,` steak houses ',` american ( new ) ',452,560
346,0,` annie \ 's thai castle ',` cafe sunflower ',' 3195 roswell rd. ',' 5975 roswell rd. ',atlanta,atlanta,404/264 -9546,404-256-1675,asian,` health food ',381,683
347,0,` bugsy \ 's diner ',` morton \ 's of chicago ( las vegas ) ',' 3555 las vegas blvd. s ',' 3200 las vegas blvd. s. ',` las vegas ',` las vegas ',702/733 -3111,702-893-0703,` coffee shops/diners ',steakhouses,431,667
348,0,` french quarter food shop ',` ritz-carlton cafe ( atlanta ) ',' 923 peachtree st. at 8th st. ',' 181 peachtree st. ',atlanta,atlanta,404/875 -2489,404-659-0400,southern,` american ( new ) ',396,711
349,0,` french quarter food shop ',` ritz-carlton restaurant ',' 923 peachtree st. at 8th st. ',' 181 peachtree st. ',atlanta,atlanta,404/875 -2489,404-659-0400,southern,` french ( classic ) ',396,91
350,0,` mambo restaurante cubano ',` indigo coastal grill ',' 1402 n. highland ave. ',' 1397 n. highland ave. ',atlanta,atlanta,404/874 -2626,404-876-0676,caribbean,eclectic,406,84
351,0,` masa \ 's ',` kelly \ 's on trinity ',' 648 bush st. ',' 333 bush st. ',` san francisco ',` san francisco ',415/989 -7154,415-362-4454,french,californian,106,733
352,0,` bertolini \ 's ',` chin \ 's ',' 3570 las vegas blvd. s ',' 3200 las vegas blvd. s. ',` las vegas ',` las vegas ',702/735 -4663,702-733-8899,italian,chinese,427,67
353,1,` la folie ',` la folie ',' 2316 polk st. ',' 2316 polk st. ',` san francisco ',` san francisco ',415/776 -5577,415-776-5577,french,` french ( new ) ',104,104
354,0,` border grill ',` andre \ 's french restaurant ',' 4th st. ',' 401 s. 6th st. ',` los angeles ',` las vegas ',310/451 -1655,702-385-5016,mexican,` french ( classic ) ',116,656
355,0,` cafe roma ',` spago ( las vegas ) ',' 3570 las vegas blvd. s ',' 3500 las vegas blvd. s. ',` las vegas ',` las vegas ',702/731 -7547,702-369-6300,` coffee shops/diners ',californian,433,670
356,0,dive !,jiraffe,' 10250 santa monica blvd. ',' 502 santa monica blvd ',` los angeles ',` santa monica ',310/788 -,310-917-6671,` dive american ',californian,128,558
357,0,` bugsy \ 's diner ',` steak house the ',' 3555 las vegas blvd. s ',' 2880 las vegas blvd. s. ',` las vegas ',` las vegas ',702/733 -3111,702-734-0410,` coffee shops/diners ',steakhouses,431,72
358,0,mikado,` buccaneer bay club ',' 3400 las vegas blvd. s ',' 3300 las vegas blvd. s. ',` las vegas ',` las vegas ',702/791 -7111,702-894-7350,asian,continental,446,657
359,1,` the palm ',` palm the ( los angeles ) ',' 9001 santa monica blvd. ',' 9001 santa monica blvd. ',` los angeles ',` w. hollywood ',310/550 -8811,310-550-8811,american,steakhouses,15,15
360,0,tomtom,` la grotta ',' 3393 peachtree rd. ',' 2637 peachtree rd. ne ',atlanta,atlanta,404/264 -1163,404-231-1368,continental,italian,422,85
361,1,` buckhead diner ',` buckhead diner ',' 3073 piedmont road ',' 3073 piedmont rd. ',atlanta,atlanta,404/262 -3336,404-262-3336,american,` american ( new ) ',78,78
362,0,` alley \ 's end ',` cafe des artistes ',' 311 w. 17th st. ',' 1 w. 67th st. ',` new york ',` new york city ',212/627 -8899,212-877-3500,american,` french ( classic ) ',178,27
363,0,` masa \ 's ',` martha \ 's ',' 648 bush st. ',' 22nd street grill 25 22nd ',` san francisco ',` st. hermosa beach ',415/989 -7154,310-376-7786,french,american,106,575
364,0,` steak house ',` peter luger steak house ',' 2880 las vegas blvd. s ',' 178 broadway ',` las vegas ',brooklyn,702/734 -0410,718-387-7400,` steak houses ',steakhouses,72,637
365,0,` alley \ 's end ',yama,' 311 w. 17th st. ',' 122 e. 17th st. ',` new york ',` new york city ',212/627 -8899,212-475-0969,american,japanese,178,654
366,1,` ritz-carlton restaurant and dining room ',` ritz-carlton dining room ( san francisco ) ',' 600 stockton st. ',' 600 stockton st. ',` san francisco ',` san francisco ',415/296 -7465,415-296-7465,american,` french ( new ) ',110,110
367,0,` circus circus ',` chin \ 's ',' 2880 las vegas blvd. s ',' 3200 las vegas blvd. s. ',` las vegas ',` las vegas ',702/734 -0410,702-733-8899,buffets,chinese,437,67
368,0,` china grill ',` la cote basque ','60 w. 53rd st. ','60 w. 55th st. ',` new york ',` new york city ',212/333 -7788,212-688-6525,american,` french ( classic ) ',219,40
369,0,` tavola calda ',` mo better meatty meat ',' 7371 melrose ave. ',' 7261 melrose ave. ',` los angeles ',la,213/658 -6340,213-935-5280,italian,hamburgers,165,579
370,0,eclipse,` johnny rockets ( la ) ',' 8800 melrose ave. ',' 7507 melrose ave. ',` los angeles ',la,310/724 -5959,213-651-3361,californian,american,132,564
371,1,` hotel bel-air ',` bel-air hotel ',' 701 stone canyon rd. ',' 701 stone canyon rd. ',` bel air ',` bel air ',310/472 -1211,310-472-1211,californian,californian,2,2
372,0,bistro,` palace court ',' 3400 las vegas blvd. s ',' 3570 las vegas blvd. s. ',` las vegas ',` las vegas ',702/791 -7111,702-731-7110,continental,` french ( new ) ',429,70
373,0,` ralph \ 's diner ',` monte carlo ',' 3000 las vegas blvd. s ',' 3145 las vegas blvd. s. ',` las vegas ',` las vegas ',702/732 -6330,702-733-4524,` coffee shops/diners ',` french ( new ) ',448,665
374,0,` bistro roti ',` bistro the ',' 155 steuart st. ','56 e. andrews dr. nw ',` san francisco ',atlanta,415/495 -6500,404-231-5733,french,` french bistro ',457,679
375,0,` taste of new orleans ',` ritz-carlton cafe ( atlanta ) ',' 889 w. peachtree st. ',' 181 peachtree st. ',atlanta,atlanta,404/874 -5535,404-659-0400,southern,` american ( new ) ',421,711
376,0,` hong kong flower lounge ',` khan toke thai house ',' 5322 geary blvd. ',' 5937 geary blvd. ',` san francisco ',` san francisco ',415/668 -8998,415-668-6654,asian,thai,480,103
377,0,posto,` sushi nozawa ',' 14928 ventura blvd. ',' 11288 ventura blvd. ',` sherman oaks ',` studio city ',818/784 -4400,818-508-7017,italian,japanese,156,595
378,0,` binion \ 's coffee shop ',` second street grill ',' 128 fremont st. ',' 200 e. fremont st. ',` las vegas ',` las vegas ',702/382 -1600,702-385-6277,` coffee shops/diners ',` pacific rim ',428,71
379,0,` mary mac \ 's tea room ',` java jive ',' 224 ponce de leon ave. ',' 790 ponce de leon ave. ',atlanta,atlanta,404/876 -1800,404-876-6161,southern,` coffee shops ',86,698
380,0,` le colonial ',` tommy \ 's ',' 8783 beverly blvd. ',' 2575 beverly blvd. ',` los angeles ',la,310/289 -0660,213-389-9060,asian,hamburgers,144,598
381,1,picholine,picholine,'35 w. 64th st. ','35 w. 64th st. ',` new york ',` new york city ',212/724 -8585,212-724-8585,mediterranean,mediterranean,53,53
382,0,vong,oceana,' 200 e. 54th st. ','55 e. 54th st. ',` new york ',` new york city ',212/486 -9592,212-759-5941,american,seafood,373,50
383,0,carta,` cafe flore ',' 1772 market st. ',' 2298 market st. ',` san francisco ',` san francisco ',415/863 -3516,415-621-8579,american,californian,465,722
384,0,mikado,` tre visi ',' 3400 las vegas blvd. s ',' 3799 las vegas blvd. s. ',` las vegas ',` las vegas ',702/791 -7111,702-891-7331,asian,italian,446,674
385,0,eclipse,patina,' 8800 melrose ave. ',' 5955 melrose ave. ',` los angeles ',` los angeles ',310/724 -5959,213-467-1108,californian,californian,132,16
386,0,` cafe roma ','em eril \ 's new orleans fish house ',' 3570 las vegas blvd. s ',' 3799 las vegas blvd. s. ',` las vegas ',` las vegas ',702/731 -7547,702-891-7374,` coffee shops/diners ',seafood,433,659
387,0,` pano \ 's and paul \ 's ',riviera,' 1232 w. paces ferry rd. ',' 519 e. paces ferry rd. ',atlanta,atlanta,404/261 -3662,404-262-7112,international,mediterranean,88,712
388,0,` monkey bar ',aquavit,'60 e. 54th st. ','13 w. 54th st. ',` new york ',` new york city ',212/838 -2600,212-307-7311,american,scandinavian,308,24
389,0,'em press court ',` coyote cafe ( las vegas ) ',' 3570 las vegas blvd. s ',' 3799 las vegas blvd. s. ',` las vegas ',` las vegas ',702/731 -7888,702-891-7349,asian,southwestern,438,68
390,0,` virgil \ 's ',` island spice ',' 152 w. 44th st. ',' 402 w. 44th st. ',` new york ',` new york city ',' 212 / 921-9494 ',212-765-1737,american,caribbean,66,37
391,1,` campton place ',` campton place ',' 340 stockton st. ',' 340 stockton st. ',` san francisco ',` san francisco ',415/955 -5555,415-955-5555,american,` american ( new ) ',98,98
392,0,` dante \ 's down the hatch buckhead ',` la grotta ',' 3380 peachtree rd. ',' 2637 peachtree rd. ne ',atlanta,atlanta,404/266 -1600,404-231-1368,continental,italian,393,85
393,0,` luna si ',` la grotta ',' 1931 peachtree rd. ',' 2637 peachtree rd. ne ',atlanta,atlanta,404/355 -5993,404-231-1368,continental,italian,405,85
394,0,` circus circus ',` palace court ',' 2880 las vegas blvd. s ',' 3570 las vegas blvd. s. ',` las vegas ',` las vegas ',702/734 -0410,702-731-7110,buffets,` french ( new ) ',437,70
395,0,'21 club ',` la grenouille ','21 w. 52nd st. ',' 3 e. 52nd st. ',` new york ',` new york city ',212/582 -7200,212-752-1495,american,` french ( classic ) ',23,623
396,0,` border grill ',` island spice ',' 4th st. ',' 402 w. 44th st. ',` los angeles ',` new york city ',310/451 -1655,212-765-1737,mexican,caribbean,116,37
397,0,palisades,abruzzi,' 1829 peachtree rd. ',' 2355 peachtree rd. ne ',atlanta,atlanta,404/350 -6755,404-261-8186,continental,italian,410,74
398,0,` bally \ 's big kitchen ',` steak house the ',' 3645 las vegas blvd. s ',' 2880 las vegas blvd. s. ',` las vegas ',` las vegas ',702/739 -4111,702-734-0410,buffets,steakhouses,424,72
399,0,` california culinary academy ',` wa-ha-ka oaxaca mexican grill ',' 625 polk st. ',' 2141 polk st. ',` san francisco ',` san francisco ',415/771 -3500,415-775-1055,french,mexican,463,752
400,0,` le madri ',` les celebrites ',' 168 w. 18th st. ',' 155 w. 58th st. ',` new york ',` new york city ',212/727 -8022,212-484-5113,italian,` french ( classic ) ',289,42
401,0,palisades,` ritz-carlton dining room ( buckhead ) ',' 1829 peachtree rd. ',' 3434 peachtree rd. ne ',atlanta,atlanta,404/350 -6755,404-237-2700,continental,` american ( new ) ',410,90
402,0,` ralph \ 's diner ',` steak house the ',' 3000 las vegas blvd. s ',' 2880 las vegas blvd. s. ',` las vegas ',` las vegas ',702/732 -6330,702-734-0410,` coffee shops/diners ',steakhouses,448,72
403,1,toulouse,toulouse,' b peachtree rd. ',' 293-b peachtree rd. ',atlanta,atlanta,404/351 -9533,404-351-9533,french,` french ( new ) ',92,92
404,0,` bugsy \ 's diner ',` monte carlo ',' 3555 las vegas blvd. s ',' 3145 las vegas blvd. s. ',` las vegas ',` las vegas ',702/733 -3111,702-733-4524,` coffee shops/diners ',` french ( new ) ',431,665
405,0,` two two two ',` edison cafe ',' 222 w. 79th st. ',' 228 w. 47th st. ',` new york ',` new york city ',212/799 -0400,212-840-5000,american,diners,368,611
406,0,` coyote cafe ',` michael \ 's ( las vegas ) ',' 3799 las vegas blvd. s ',' 3595 las vegas blvd. s. ',` las vegas ',` las vegas ',702/891 -7349,702-737-7111,southwestern,continental,68,664
407,0,` des alpes ',` carmine \ 's ',' 732 broadway ',' 2450 broadway ',` san francisco ',` new york city ',415/788 -9900,212-362-2200,french,italian,468,28
408,0,` steak house ',` sterling brunch ',' 2880 las vegas blvd. s ',' 3645 las vegas blvd. s. ',` las vegas ',` las vegas ',702/734 -0410,702-739-4651,` steak houses ',eclectic,72,673
409,0,` dining room ritz-carlton buckhead ',` white house restaurant ',' 3434 peachtree rd. ',' 3172 peachtree rd. ne ',atlanta,atlanta,404/237 -2700,404-237-7601,international,diners,90,719
410,1,` mary mac \ 's tea room ',` mary mac \ 's tea room ',' 224 ponce de leon ave. ',' 224 ponce de leon ave. ',atlanta,atlanta,404/876 -1800,404-876-1800,southern,southern/soul,86,86
411,0,` morton \ 's ',patina,' 8764 melrose ave. ',' 5955 melrose ave. ',` los angeles ',` los angeles ',310/276 -5205,213-467-1108,american,californian,148,16
412,1,` rex il ristorante ',` rex il ristorante ',' 617 s. olive st. ',' 617 s. olive st. ',` los angeles ',` los angeles ',213/627 -2300,213-627-2300,italian,` nuova cucina italian ',19,19
413,1,` uncle nick \ 's ',` uncle nick \ 's ',' 747 9th ave. between 50th and 51st sts . ',' 747 ninth ave. ',` new york ',` new york city ',212/315 -1726,212-245-7992,mediterranean,greek,64,64
414,0,` ralph \ 's diner ',` chin \ 's ',' 3000 las vegas blvd. s ',' 3200 las vegas blvd. s. ',` las vegas ',` las vegas ',702/732 -6330,702-733-8899,` coffee shops/diners ',chinese,448,67
415,0,` le madri ',` san francisco bbq ',' 168 w. 18th st. ',' 1328 18th st. ',` new york ',` san francisco ',212/727 -8022,415-431-8956,italian,thai,289,744
416,0,` pano \ 's and paul \ 's ',` hedgerose heights inn the ',' 1232 w. paces ferry rd. ',' 490 e. paces ferry rd. ne ',atlanta,atlanta,404/261 -3662,404-233-7673,international,continental,88,82
417,0,` ernie \ 's ',` rae \ 's ',' 2150 broadway between 75th and 76th sts . ',' 2901 pico blvd. ',` new york ',` santa monica ',212/496 -1588,310-828-7937,american,diners,234,589
418,0,` chin \ 's ','em eril \ 's new orleans fish house ',' 3200 las vegas blvd. s ',' 3799 las vegas blvd. s. ',` las vegas ',` las vegas ',702/733 -8899,702-891-7374,asian,seafood,67,659
419,0,` carnival world ',` fiore rotisserie & grille ',' 3700 w. flamingo rd. ',' 3700 w. flamingo rd. ',` las vegas ',` las vegas ',702/252 -7777,702-252-7702,buffets,italian,435,660
420,0,` moose \ 's ',` joe \ 's ',' 1652 stockton st. ',' 1023 abbot kinney blvd. ',` san francisco ',venice,415/989 -7800,310-399-5811,mediterranean,` american ( new ) ',498,560
421,0,` the palm ',jiraffe,' 9001 santa monica blvd. ',' 502 santa monica blvd ',` los angeles ',` santa monica ',310/550 -8811,310-917-6671,american,californian,15,558
422,0,swingers,` koo koo roo ',' 8020 beverly blvd. ',' 8393 w. beverly blvd. ',` los angeles ',la,213/653 -5858,213-655-9045,american,chicken,164,567
423,0,` jean lafitte ',` manhattan ocean club ','68 w. 58th st. ','57 w. 58th st. ',` new york ',` new york city ',212/751 -2323,212-371-7777,french,seafood,272,45
424,0,` ton kiang ',` khan toke thai house ',' 3148 geary blvd. ',' 5937 geary blvd. ',` san francisco ',` san francisco ',415/752 -4440,415-668-6654,asian,thai,522,103
425,0,vong,` wollensky \ 's grill ',' 200 e. 54th st. ',' 205 e. 49th st. ',` new york ',` new york city ',212/486 -9592,212-753-0444,american,steakhouses,373,653
426,0,eclipse,citrus,' 8800 melrose ave. ',' 6703 melrose ave. ',` los angeles ',` los angeles ',310/724 -5959,213-857-0034,californian,californian,132,6
427,0,` palace court ',` coyote cafe ( las vegas ) ',' 3570 las vegas blvd. s ',' 3799 las vegas blvd. s. ',` las vegas ',` las vegas ',702/731 -7547,702-891-7349,continental,southwestern,70,68
428,0,` le montrachet ',` nicky blair \ 's ',' 3000 w. paradise rd. ',' 3925 paradise rd. ',` las vegas ',` las vegas ',702/732 -5111,702-792-9900,continental,italian,69,668
429,0,` mandarin court ','till erman the ',' 1510 e. flamingo rd. ',' 2245 e. flamingo rd. ',` las vegas ',` las vegas ',702/737 -1234,702-731-4036,asian,steakhouses,443,73
430,0,` second street grille ',` steakhouse the ',' 200 e. fremont st. ',' 128 e. fremont st. ',` las vegas ',` las vegas ',702/385 -3232,702-382-1600,seafood,steakhouses,71,671
431,0,` border grill ',` veni vidi vici ',' 4th st. ','41 14th st. ',` los angeles ',atlanta,310/451 -1655,404-875-8424,mexican,italian,116,93
432,1,lespinasse,` lespinasse ( new york city ) ',' 2 e. 55th st. ',' 2 e. 55th st. ',` new york ',` new york city ',212/339 -6719,212-339-6719,american,asian,43,43
433,0,felidia,` lespinasse ( new york city ) ',' 243 e. 58th st. ',' 2 e. 55th st. ',` new york ',` new york city ',212/758 -1479,212-339-6719,italian,asian,33,43
434,1,` gotham bar & grill ',` gotham bar & grill ','12 e. 12th st. ','12 e. 12th st. ',` new york ',` new york city ',212/620 -4020,212-620-4020,american,` american ( new ) ',35,35
435,0,' 9 jones street ',` dottie \ 's true blue cafe ',' 9 jones st. ',' 522 jones st. ',` new york ',` san francisco ',212/989 -1220,415-885-2767,american,diners,173,727
436,1,petrossian,petrossian,' 182 w. 58th st. ',' 182 w. 58th st. ',` new york ',` new york city ',212/245 -2214,212-245-2214,french,russian,52,52
437,0,palisades,nava,' 1829 peachtree rd. ',' 3060 peachtree rd. ',atlanta,atlanta,404/350 -6755,404-240-1984,continental,southwestern,410,706
438,0,citrus,patina,' 6703 melrose ave. ',' 5955 melrose ave. ',` los angeles ',` los angeles ',213/857 -0034,213-467-1108,californian,californian,6,16
439,0,` viva mercado \ 's ',` buzio \ 's in the rio ',' 6182 w. flamingo rd. ',' 3700 w. flamingo rd. ',` las vegas ',` las vegas ',702/871 -8826,702-252-7697,mexican,seafood,451,658
440,0,` moose \ 's ',` campton place ',' 1652 stockton st. ',' 340 stockton st. ',` san francisco ',` san francisco ',415/989 -7800,415-955-5555,mediterranean,` american ( new ) ',498,98
441,0,lespinasse,lutece,' 2 e. 55th st. ',' 249 e. 50th st. ',` new york ',` new york city ',212/339 -6719,212-752-2225,american,` french ( classic ) ',43,44
442,0,` hard rock cafe ',` tommy \ 's ',' 8600 beverly blvd. ',' 2575 beverly blvd. ',` los angeles ',la,310/276 -7605,213-389-9060,american,hamburgers,137,598
443,1,lutece,lutece,' 249 e. 50th st. ',' 249 e. 50th st. ',` new york ',` new york city ',212/752 -2225,212-752-2225,french,` french ( classic ) ',44,44
444,0,palisades,` brookhaven cafe ',' 1829 peachtree rd. ',' 4274 peachtree rd. ',atlanta,atlanta,404/350 -6755,404-231-5907,continental,vegetarian,410,682
445,0,` dante \ 's down the hatch buckhead ',` brasserie le coze ',' 3380 peachtree rd. ',' 3393 peachtree rd. ',atlanta,atlanta,404/266 -1600,404-266-1440,continental,` french bistro ',393,77
446,0,` lillie langtry \ 's ',` steakhouse the ',' 129 e. fremont st. ',' 128 e. fremont st. ',` las vegas ',` las vegas ',702/385 -7111,702-382-1600,asian,steakhouses,442,671
447,0,` cafe pierre ',aureole,' 2 e. 61st st. ','34 e. 61st st. ',` new york ',` new york city ',212/940 -8185,212-319-1660,french,` american ( new ) ',203,25
448,0,march,petrossian,' 405 e. 58th st. ',' 182 w. 58th st. ',` new york ',` new york city ',212/754 -6272,212-245-2214,american,russian,46,52
449,0,` the bacchanal ',moongate,' 3570 las vegas blvd. s ',' 3400 las vegas blvd. s. ',` las vegas ',` las vegas ',702/731 -7525,702-791-7352,` only in las vegas ',chinese,449,666
450,0,` dining room ritz-carlton buckhead ',abruzzi,' 3434 peachtree rd. ',' 2355 peachtree rd. ne ',atlanta,atlanta,404/237 -2700,404-261-8186,international,italian,90,74
451,0,toulouse,` la grotta ',' b peachtree rd. ',' 2637 peachtree rd. ne ',atlanta,atlanta,404/351 -9533,404-231-1368,french,italian,92,85
452,0,` binion \ 's coffee shop ',` hugo \ 's cellar ',' 128 fremont st. ',' 202 e. fremont st. ',` las vegas ',` las vegas ',702/382 -1600,702-385-4011,` coffee shops/diners ',continental,428,661
453,1,` hawthorne lane ',` hawthorne lane ','22 hawthorne st. ','22 hawthorne st. ',` san francisco ',` san francisco ',415/777 -9779,415-777-9779,american,californian,102,102
454,0,` circus circus ','em eril \ 's new orleans fish house ',' 2880 las vegas blvd. s ',' 3799 las vegas blvd. s. ',` las vegas ',` las vegas ',702/734 -0410,702-891-7374,buffets,seafood,437,659
455,0,` mary mac \ 's tea room ',majestic,' 224 ponce de leon ave. ',' 1031 ponce de leon ave. ',atlanta,atlanta,404/876 -1800,404-875-0276,southern,diners,86,703
456,0,` golden nugget hotel ',` second street grill ',' 129 e. fremont st. ',' 200 e. fremont st. ',` las vegas ',` las vegas ',702/385 -7111,702-385-6277,buffets,` pacific rim ',440,71
457,0,bistro,` sterling brunch ',' 3400 las vegas blvd. s ',' 3645 las vegas blvd. s. ',` las vegas ',` las vegas ',702/791 -7111,702-739-4651,continental,eclectic,429,673
458,0,` binion \ 's coffee shop ',` stefano \ 's ',' 128 fremont st. ',' 129 fremont st. ',` las vegas ',` las vegas ',702/382 -1600,702-385-7111,` coffee shops/diners ',italian,428,672
459,0,` le chardonnay ',` mo better meatty meat ',' 8284 melrose ave. ',' 7261 melrose ave. ',` los angeles ',la,213/655 -8880,213-935-5280,french,hamburgers,12,579
460,0,bistro,` morton \ 's of chicago ( las vegas ) ',' 3400 las vegas blvd. s ',' 3200 las vegas blvd. s. ',` las vegas ',` las vegas ',702/791 -7111,702-893-0703,continental,steakhouses,429,667
461,0,palisades,` original pancake house ( at ) ',' 1829 peachtree rd. ',' 4330 peachtree rd. ',atlanta,atlanta,404/350 -6755,404-237-4116,continental,american,410,708
462,0,` gabriela \ 's ',` monsoon ( ny ) ',' 685 amsterdam ave. at 93rd st. ',' 435 amsterdam ave. ',` new york ',` new york city ',212/961 -0574,212-580-8686,mexican,thai,253,629
463,1,` grill on the alley ',` grill the ',' 9560 dayton way ',' 9560 dayton way ',` los angeles ',` beverly hills ',310/276 -0615,310-276-0615,american,` american ( traditional ) ',9,9
464,0,` luna si ',toulouse,' 1931 peachtree rd. ',' 293-b peachtree rd. ',atlanta,atlanta,404/355 -5993,404-351-9533,continental,` french ( new ) ',405,92
465,0,petrossian,` virgil \ 's real bbq ',' 182 w. 58th st. ',' 152 w. 44th st. ',` new york ',` new york city ',212/245 -2214,212-921-9494,french,bbq,52,66
466,0,` cafe ritz-carlton buckhead ',toulouse,' 3434 peachtree rd. ',' 293-b peachtree rd. ',atlanta,atlanta,404/237 -2700,404-351-9533,` ext 6108 international ',` french ( new ) ',89,92
467,0,postrio,mifune,' 545 post st. ',' 1737 post st. ',` san francisco ',` san francisco ',415/776 -7825,415-922-0337,american,japanese,109,107
468,0,` bally \ 's big kitchen ',` coyote cafe ( las vegas ) ',' 3645 las vegas blvd. s ',' 3799 las vegas blvd. s. ',` las vegas ',` las vegas ',702/739 -4111,702-891-7349,buffets,southwestern,424,68
469,0,` bally \ 's big kitchen ',` michael \ 's ( las vegas ) ',' 3645 las vegas blvd. s ',' 3595 las vegas blvd. s. ',` las vegas ',` las vegas ',702/739 -4111,702-737-7111,buffets,continental,424,664
470,0,swingers,` tommy \ 's ',' 8020 beverly blvd. ',' 2575 beverly blvd. ',` los angeles ',la,213/653 -5858,213-389-9060,american,hamburgers,164,598
471,0,` steak house ',` morton \ 's of chicago ( las vegas ) ',' 2880 las vegas blvd. s ',' 3200 las vegas blvd. s. ',` las vegas ',` las vegas ',702/734 -0410,702-893-0703,` steak houses ',steakhouses,72,667
472,0,` dante \ 's down the hatch buckhead ',` white house restaurant ',' 3380 peachtree rd. ',' 3172 peachtree rd. ne ',atlanta,atlanta,404/266 -1600,404-237-7601,continental,diners,393,719
473,0,` annie \ 's thai castle ',chopstix,' 3195 roswell rd. ',' 4279 roswell rd. ',atlanta,atlanta,404/264 -9546,404-255-4868,asian,chinese,381,688
474,0,tomtom,nava,' 3393 peachtree rd. ',' 3060 peachtree rd. ',atlanta,atlanta,404/264 -1163,404-240-1984,continental,southwestern,422,706
475,0,` steak house ','em eril \ 's new orleans fish house ',' 2880 las vegas blvd. s ',' 3799 las vegas blvd. s. ',` las vegas ',` las vegas ',702/734 -0410,702-891-7374,` steak houses ',seafood,72,659
476,0,toulouse,nava,' b peachtree rd. ',' 3060 peachtree rd. ',atlanta,atlanta,404/351 -9533,404-240-1984,french,southwestern,92,706
477,0,` katia \ 's ',` sylvia \ 's ',' 600 5th ave. ',' 328 lenox ave. ',` san francisco ',` new york city ',415/668 -9292,212-996-0660,'',southern/soul,487,644
478,0,` antonio \ 's ',` don antonio \ 's ',' 3700 w. flamingo ',' 1136 westwood blvd. ',` las vegas ',westwood,702/252 -7737,310-209-1422,italian,italian,423,550
479,0,bruno,` sparks steak house ',' 240 e. 58th st. ',' 210 e. 46th st. ',` new york ',` new york city ',212/688 -4190,212-687-4855,italian,steakhouses,195,641
480,0,` alain rondelli ',` bill \ 's place ',' 126 clement st. ',' 2315 clement st. ',` san francisco ',` san francisco ',415/387 -0408,415-221-5262,french,hamburgers,94,721
481,0,` luna si ',` ritz-carlton cafe ( buckhead ) ',' 1931 peachtree rd. ',' 3434 peachtree rd. ne ',atlanta,atlanta,404/355 -5993,404-237-2700,continental,` american ( new ) ',405,89
482,0,` hedgerose heights inn ',canoe,' 490 e. paces ferry rd. ',' 4199 paces ferry rd. ',atlanta,atlanta,404/233 -7673,770-432-2663,international,` american ( new ) ',82,684
483,0,` palace court ',` buccaneer bay club ',' 3570 las vegas blvd. s ',' 3300 las vegas blvd. s. ',` las vegas ',` las vegas ',702/731 -7547,702-894-7350,continental,continental,70,657
484,0,` nate \ ` n \ ' al \ 's ',` ruth \ 's chris steak house ( los angeles ) ',' 414 n. beverly dr. ',' 224 s. beverly dr. ',` los angeles ',` beverly hills ',310/274 -0101,310-859-8744,american,steakhouses,149,593
485,1,citrus,citrus,' 6703 melrose ave. ',' 6703 melrose ave. ',` los angeles ',` los angeles ',213/857 -0034,213-857-0034,californian,californian,6,6
486,0,` bone \ 's ',` carmine \ 's ',' 3130 piedmont road ',' 2450 broadway ',atlanta,` new york city ',404/237 -2663,212-362-2200,american,italian,76,28
487,1,` locanda veneta ',` locanda veneta ',' 3rd st. ',' 8638 w. third st. ',` los angeles ',` los angeles ',310/274 -1893,310-274-1893,italian,italian,13,13
488,0,` fifty seven fifty seven ',` manhattan ocean club ','57 e. 57th st. ','57 w. 58th st. ',` new york ',` new york city ',212/758 -5757,212-371-7777,american,seafood,239,45
489,0,patina,` johnny rockets ( la ) ',' 5955 melrose ave. ',' 7507 melrose ave. ',` los angeles ',la,213/467 -1108,213-651-3361,californian,american,16,564
490,0,` circus circus ',` tre visi ',' 2880 las vegas blvd. s ',' 3799 las vegas blvd. s. ',` las vegas ',` las vegas ',702/734 -0410,702-891-7331,buffets,italian,437,674
491,0,` lanza restaurant ',` thailand restaurant ',' 168 1st ave. between 10th and 11th sts . ',' 106 bayard st. ',` new york ',` new york city ',212/674 -7014,212-349-3132,italian,thai,282,649
492,0,` morton \ 's ',` le chardonnay ( los angeles ) ',' 8764 melrose ave. ',' 8284 melrose ave. ',` los angeles ',` los angeles ',310/276 -5205,213-655-8880,american,` french bistro ',148,12
493,0,` margarita \ 's mexican cantina ',moongate,' 3120 las vegas blvd. s ',' 3400 las vegas blvd. s. ',` las vegas ',` las vegas ',702/794 -8200,702-791-7352,mexican,chinese,444,666
494,0,` ritz-carlton restaurant and dining room ',` campton place ',' 600 stockton st. ',' 340 stockton st. ',` san francisco ',` san francisco ',415/296 -7465,415-955-5555,american,` american ( new ) ',110,98
495,0,` le marais ',` sparks steak house ',' 150 w. 46th st. ',' 210 e. 46th st. ',` new york ',` new york city ',212/869 -0900,212-687-4855,american,steakhouses,290,641
496,0,` morton \ 's ',` johnny rockets ( la ) ',' 8764 melrose ave. ',' 7507 melrose ave. ',` los angeles ',la,310/276 -5205,213-651-3361,american,american,148,564
497,0,` circus circus ',` morton \ 's of chicago ( las vegas ) ',' 2880 las vegas blvd. s ',' 3200 las vegas blvd. s. ',` las vegas ',` las vegas ',702/734 -0410,702-893-0703,buffets,steakhouses,437,667
498,0,` manhattan cafe ',` manhattan ocean club ',' 1161 1st ave. between 63rd and 64th sts . ','57 w. 58th st. ',` new york ',` new york city ',212/888 -6556,212-371-7777,american,seafood,300,45
499,0,` steak house ',` coyote cafe ( las vegas ) ',' 2880 las vegas blvd. s ',' 3799 las vegas blvd. s. ',` las vegas ',` las vegas ',702/734 -0410,702-891-7349,` steak houses ',southwestern,72,68
500,0,fenix,` duke \ 's ',' 8358 sunset blvd. west ',' 8909 sunset blvd. ',hollywood,` w. hollywood ',213/848 -6677,310-652-3100,american,` coffee shops ',7,551
501,0,` gotham bar & grill ',yama,'12 e. 12th st. ',' 122 e. 17th st. ',` new york ',` new york city ',212/620 -4020,212-475-0969,american,japanese,35,654
502,0,otabe,darbar,'68 e. 56th st. ','44 w. 56th st. ',` new york ',` new york city ',212/223 -7575,212-432-7227,asian,indian,318,609
503,0,` pacific dining car ',` ti couz ',' 6th st. ',' 3108 16th st. ',` los angeles ',` san francisco ',213/483 -6000,415-252-7373,american,french,153,748
504,0,` lillie langtry \ 's ',` hugo \ 's cellar ',' 129 e. fremont st. ',' 202 e. fremont st. ',` las vegas ',` las vegas ',702/385 -7111,702-385-4011,asian,continental,442,661
505,1,aqua,aqua,' 252 california st. ',' 252 california st. ',` san francisco ',` san francisco ',415/956 -9662,415-956-9662,seafood,` american ( new ) ',95,95
506,1,campanile,campanile,' 624 s. la brea ave. ',' 624 s. la brea ave. ',` los angeles ',` los angeles ',213/938 -1447,213-938-1447,american,californian,4,4
507,0,` pen & pencil ',march,' 205 e. 45th st. ',' 405 e. 58th st. ',` new york ',` new york city ',212/682 -8660,212-754-6272,american,` american ( new ) ',325,46
508,0,` le soleil ',` bill \ 's place ',' 133 clement st. ',' 2315 clement st. ',` san francisco ',` san francisco ',415/668 -4848,415-221-5262,asian,hamburgers,492,721
509,0,mikado,` madame ching \ 's ',' 3400 las vegas blvd. s ',' 3300 las vegas blvd. s. ',` las vegas ',` las vegas ',702/791 -7111,702-894-7111,asian,asian,446,662
510,0,` inca grill ',` mesa grill ',' 492 broome st. near w. broadway ',' 102 fifth ave. ',` new york ',` new york city ',212/966 -3371,212-807-7400,` latin american ',southwestern,268,47
511,0,'em press court ',` chin \ 's ',' 3570 las vegas blvd. s ',' 3200 las vegas blvd. s. ',` las vegas ',` las vegas ',702/731 -7888,702-733-8899,asian,chinese,438,67
512,0,` bally \ 's big kitchen ',` morton \ 's of chicago ( las vegas ) ',' 3645 las vegas blvd. s ',' 3200 las vegas blvd. s. ',` las vegas ',` las vegas ',702/739 -4111,702-893-0703,buffets,steakhouses,424,667
513,0,` tommy tang \ 's ',` le chardonnay ( los angeles ) ',' 7313 melrose ave. ',' 8284 melrose ave. ',` los angeles ',` los angeles ',213/937 -5733,213-655-8880,asian,` french bistro ',167,12
514,0,ferrier,` john \ 's pizzeria ','29 e. 65th st. ','48 w. 65th st. ',` new york ',` new york city ',212/772 -9000,212-721-7001,french,pizza,238,618
515,0,` hong kong villa ',` bill \ 's place ',' 2332 clement st. ',' 2315 clement st. ',` san francisco ',` san francisco ',415/752 -8833,415-221-5262,asian,hamburgers,481,721
516,0,` the bacchanal ',` spago ( las vegas ) ',' 3570 las vegas blvd. s ',' 3500 las vegas blvd. s. ',` las vegas ',` las vegas ',702/731 -7525,702-369-6300,` only in las vegas ',californian,449,670
517,0,` the bacchanal ',` madame ching \ 's ',' 3570 las vegas blvd. s ',' 3300 las vegas blvd. s. ',` las vegas ',` las vegas ',702/731 -7525,702-894-7111,` only in las vegas ',asian,449,662
518,1,` arnie morton \ 's of chicago ',` arnie morton \ 's of chicago ',' 435 s. la cienega blv . ',' 435 s. la cienega blvd. ',` los angeles ',` los angeles ',310/246 -1501,310-246-1501,american,steakhouses,0,0
519,0,citrus,` mo better meatty meat ',' 6703 melrose ave. ',' 7261 melrose ave. ',` los angeles ',la,213/857 -0034,213-935-5280,californian,hamburgers,6,579
520,0,` bugsy \ 's diner ',` michael \ 's ( las vegas ) ',' 3555 las vegas blvd. s ',' 3595 las vegas blvd. s. ',` las vegas ',` las vegas ',702/733 -3111,702-737-7111,` coffee shops/diners ',continental,431,664
521,0,` tavola calda ',` sweet lady jane ',' 7371 melrose ave. ',' 8360 melrose ave. ',` los angeles ',la,213/658 -6340,213-653-7145,italian,desserts,165,596
522,0,lespinasse,dawat,' 2 e. 55th st. ',' 210 e. 58th st. ',` new york ',` new york city ',212/339 -6719,212-355-7555,american,indian,43,32
523,0,vong,dawat,' 200 e. 54th st. ',' 210 e. 58th st. ',` new york ',` new york city ',212/486 -9592,212-355-7555,american,indian,373,32
524,1,` chin \ 's ',` chin \ 's ',' 3200 las vegas blvd. s ',' 3200 las vegas blvd. s. ',` las vegas ',` las vegas ',702/733 -8899,702-733-8899,asian,chinese,67,67
525,0,` il nido ',seryna,' 251 e. 53rd st. ','11 e. 53rd st. ',` new york ',` new york city ',212/753 -8450,212-980-9393,italian,japanese,267,59
526,0,` jean lafitte ',petrossian,'68 w. 58th st. ',' 182 w. 58th st. ',` new york ',` new york city ',212/751 -2323,212-245-2214,french,russian,272,52
527,0,mikado,` steak house the ',' 3400 las vegas blvd. s ',' 2880 las vegas blvd. s. ',` las vegas ',` las vegas ',702/791 -7111,702-734-0410,asian,steakhouses,446,72
528,0,` luna si ',` ritz-carlton restaurant ',' 1931 peachtree rd. ',' 181 peachtree st. ',atlanta,atlanta,404/355 -5993,404-659-0400,continental,` french ( classic ) ',405,91
529,0,` four seasons grill room ','21 club ','99 e. 52nd st. ','21 w. 52nd st. ',` new york ',` new york city ',212/754 -9494,212-582-7200,american,` american ( new ) ',34,23
530,0,` golden steer ',` mayflower cuisinier ',' 308 w. sahara ave. ',' 4750 w. sahara ave. ',` las vegas ',` las vegas ',702/384 -4470,702-870-8432,` steak houses ',chinese,441,663
531,0,` camille \ 's ',` carmine \ 's ',' 1186 n. highland ave. ',' 2450 broadway ',atlanta,` new york city ',404/872 -7203,212-362-2200,italian,italian,388,28
532,0,'em press court ',` buccaneer bay club ',' 3570 las vegas blvd. s ',' 3300 las vegas blvd. s. ',` las vegas ',` las vegas ',702/731 -7888,702-894-7350,asian,continental,438,657
533,0,felidia,petrossian,' 243 e. 58th st. ',' 182 w. 58th st. ',` new york ',` new york city ',212/758 -1479,212-245-2214,italian,russian,33,52
534,0,` viva mercado \ 's ','till erman the ',' 6182 w. flamingo rd. ',' 2245 e. flamingo rd. ',` las vegas ',` las vegas ',702/871 -8826,702-731-4036,mexican,steakhouses,451,73
535,0,` coyote cafe ',` morton \ 's of chicago ( las vegas ) ',' 3799 las vegas blvd. s ',' 3200 las vegas blvd. s. ',` las vegas ',` las vegas ',702/891 -7349,702-893-0703,southwestern,steakhouses,68,667
536,0,` le colonial ',lutece,' 149 e. 57th st. ',' 249 e. 50th st. ',` new york ',` new york city ',' 212 / 752-0808 ',212-752-2225,asian,` french ( classic ) ',286,44
537,0,tomtom,` original pancake house ( at ) ',' 3393 peachtree rd. ',' 4330 peachtree rd. ',atlanta,atlanta,404/264 -1163,404-237-4116,continental,american,422,708
538,0,palisades,` ritz-carlton cafe ( buckhead ) ',' 1829 peachtree rd. ',' 3434 peachtree rd. ne ',atlanta,atlanta,404/350 -6755,404-237-2700,continental,` american ( new ) ',410,89
539,1,` art \ 's delicatessen ',` art \ 's deli ',' 12224 ventura blvd. ',' 12224 ventura blvd. ',` studio city ',` studio city ',818/762 -1221,818-762-1221,american,delis,1,1
540,1,` carnegie deli ',` carnegie deli ',' 854 7th ave. between 54th and 55th sts . ',' 854 seventh ave. ',` new york ',` new york city ',212/757 -2245,212-757-2245,delicatessen,delis,29,29
541,0,orso,` island spice ',' 322 w. 46th st. ',' 402 w. 44th st. ',` new york ',` new york city ',212/489 -7212,212-765-1737,italian,caribbean,316,37
542,0,` annie \ 's thai castle ',` la fonda latina ',' 3195 roswell rd. ',' 4427 roswell rd. ',atlanta,atlanta,404/264 -9546,404-303-8201,asian,spanish,381,701
543,0,` judson grill ','21 club ',' 152 w. 52nd st. ','21 w. 52nd st. ',` new york ',` new york city ',212/582 -5252,212-582-7200,american,` american ( new ) ',276,23
544,0,` manhattan ocean club ',` les celebrites ','57 w. 58th st. ',' 155 w. 58th st. ',` new york ',` new york city ',' 212 / 371-7777 ',212-484-5113,seafood,` french ( classic ) ',45,42
545,0,` teresa \ 's ',` teresa \ 's ',' 103 1st ave. between 6th and 7th sts . ','80 montague st. ',` new york ',queens,212/228 -0604,718-520-2910,` east european ',polish,358,647
546,0,toulouse,` palm the ( atlanta ) ',' b peachtree rd. ',' 3391 peachtree rd. ne ',atlanta,atlanta,404/351 -9533,404-814-1955,french,steakhouses,92,709
547,0,citrus,` johnny rockets ( la ) ',' 6703 melrose ave. ',' 7507 melrose ave. ',` los angeles ',la,213/857 -0034,213-651-3361,californian,american,6,564
548,0,` cafe pierre ',` lespinasse ( new york city ) ',' 2 e. 61st st. ',' 2 e. 55th st. ',` new york ',` new york city ',212/940 -8185,212-339-6719,french,asian,203,43
549,0,` yoyo tsumami bistro ',mifune,' 1611 post st. ',' 1737 post st. ',` san francisco ',` san francisco ',415/922 -7788,415-922-0337,french,japanese,530,107
550,0,` dining room ritz-carlton buckhead ',` ritz-carlton cafe ( buckhead ) ',' 3434 peachtree rd. ',' 3434 peachtree rd. ne ',atlanta,atlanta,404/237 -2700,404-237-2700,international,` american ( new ) ',90,89
551,0,` steak house ',` michael \ 's ( las vegas ) ',' 2880 las vegas blvd. s ',' 3595 las vegas blvd. s. ',` las vegas ',` las vegas ',702/734 -0410,702-737-7111,` steak houses ',continental,72,664
552,0,` des alpes ',montrachet,' 732 broadway ',' 239 w. broadway ',` san francisco ',` new york city ',415/788 -9900,212-219-2777,french,` french bistro ',468,49
553,0,` bugsy \ 's diner ',` chin \ 's ',' 3555 las vegas blvd. s ',' 3200 las vegas blvd. s. ',` las vegas ',` las vegas ',702/733 -3111,702-733-8899,` coffee shops/diners ',chinese,431,67
554,0,` jewel of india ',` virgil \ 's real bbq ','15 w. 44th st. ',' 152 w. 44th st. ',` new york ',` new york city ',212/869 -5544,212-921-9494,asian,bbq,273,66
555,0,shaan,` manhattan ocean club ','57 w. 48th st. ','57 w. 58th st. ',` new york ',` new york city ',' 212 / 977-8400 ',212-371-7777,asian,seafood,349,45
556,0,` fleur de jour ',` la grenouille ',' 348 e. 62nd st. ',' 3 e. 52nd st. ',` new york ',` new york city ',212/355 -2020,212-752-1495,` coffee bar ',` french ( classic ) ',245,623
557,0,dive !,` cafe blanc ',' 10250 santa monica blvd. ',' 9777 little santa monica blvd. ',` los angeles ',` beverly hills ',310/788 -,310-888-0108,` dive american ',` pacific new wave ',128,546
558,0,bizou,` cucina di pesce ',' 598 fourth st. ','87 e. fourth st. ',` san francisco ',` new york city ',415/543 -2222,212-260-6800,french,seafood,459,608
559,0,tillerman,` fiore rotisserie & grille ',' 2245 e. flamingo rd. ',' 3700 w. flamingo rd. ',` las vegas ',` las vegas ',702/731 -4036,702-252-7702,seafood,italian,73,660
560,0,petrossian,dawat,' 182 w. 58th st. ',' 210 e. 58th st. ',` new york ',` new york city ',212/245 -2214,212-355-7555,french,indian,52,32
561,0,` le chardonnay ',` johnny rockets ( la ) ',' 8284 melrose ave. ',' 7507 melrose ave. ',` los angeles ',la,213/655 -8880,213-651-3361,french,american,12,564
562,0,` bamboo garden ','till erman the ',' 4850 flamingo rd. ',' 2245 e. flamingo rd. ',` las vegas ',` las vegas ',702/871 -3262,702-731-4036,asian,steakhouses,425,73
563,0,` cafe bizou ',` sushi nozawa ',' 14016 ventura blvd. ',' 11288 ventura blvd. ',` sherman oaks ',` studio city ',818/788 -3536,818-508-7017,french,japanese,3,595
564,0,bistango,` morton \ 's of chicago ( atlanta ) ',' 1100 peachtree st. ',' 303 peachtree st. ne ',atlanta,atlanta,404/724 -0901,404-577-4366,mediterranean,steakhouses,386,704
565,0,` circus circus ',` madame ching \ 's ',' 2880 las vegas blvd. s ',' 3300 las vegas blvd. s. ',` las vegas ',` las vegas ',702/734 -0410,702-894-7111,buffets,asian,437,662
566,0,abbey,majestic,' 163 ponce de leon ave. ',' 1031 ponce de leon ave. ',atlanta,atlanta,404/876 -8532,404-875-0276,international,diners,379,703
